Day,Spot
2/26/2018,2.6
2/23/2018,2.58
2/22/2018,2.65
2/21/2018,2.65
2/20/2018,2.61
2/16/2018,2.49
2/15/2018,2.49
2/14/2018,2.53
2/13/2018,2.58
2/12/2018,2.6
2/9/2018,2.66
2/8/2018,2.74
2/7/2018,2.74
2/6/2018,2.75
2/5/2018,2.85
2/2/2018,2.91
2/1/2018,3.06
1/31/2018,3.34
1/30/2018,3.6
1/29/2018,3.6
1/26/2018,3.58
1/25/2018,3.54
1/24/2018,3.54
1/23/2018,3.35
1/22/2018,3.13
1/19/2018,3.2
1/18/2018,3.92
1/17/2018,3.92
1/16/2018,5.46
1/12/2018,4.06
1/11/2018,3.16
1/10/2018,3.16
1/9/2018,2.93
1/8/2018,2.89
1/5/2018,
1/4/2018,4.65
1/3/2018,6.24
1/2/2018,6.24
12/29/2017,3.69
12/28/2017,2.97
12/27/2017,2.76
12/26/2017,2.68
12/22/2017,2.63
12/21/2017,2.64
12/20/2017,2.72
12/19/2017,2.75
12/18/2017,2.71
12/15/2017,2.6
12/14/2017,2.69
12/13/2017,2.87
12/12/2017,2.87
12/11/2017,2.81
12/8/2017,2.78
12/7/2017,2.81
12/6/2017,2.86
12/5/2017,2.86
12/4/2017,2.91
12/1/2017,2.84
11/30/2017,3.06
11/29/2017,3.06
11/28/2017,2.88
11/27/2017,2.88
11/24/2017,3.05
11/23/2017,3.05
11/22/2017,3.05
11/21/2017,3.05
11/20/2017,3.04
11/17/2017,3.04
11/16/2017,3.09
11/15/2017,3.16
11/14/2017,3.06
11/13/2017,3.13
11/10/2017,3.17
11/9/2017,3.18
11/8/2017,3.16
11/7/2017,3.07
11/6/2017,3.01
11/3/2017,2.75
11/2/2017,2.68
11/1/2017,2.68
10/31/2017,2.84
10/30/2017,2.94
10/27/2017,2.78
10/26/2017,2.91
10/25/2017,2.98
10/24/2017,2.95
10/23/2017,2.95
10/20/2017,2.8
10/19/2017,2.83
10/18/2017,2.81
10/17/2017,2.88
10/16/2017,2.87
10/13/2017,2.99
10/12/2017,2.95
10/11/2017,2.89
10/10/2017,2.89
10/9/2017,2.87
10/6/2017,2.93
10/5/2017,2.8
10/4/2017,2.8
10/3/2017,2.73
10/2/2017,2.94
9/29/2017,2.94
9/28/2017,2.96
9/27/2017,2.98
9/26/2017,2.96
9/25/2017,2.96
9/22/2017,2.93
9/21/2017,3.11
9/20/2017,3.13
9/19/2017,3.18
9/18/2017,3.11
9/15/2017,3
9/14/2017,3.03
9/13/2017,3.02
9/12/2017,2.88
9/11/2017,2.88
9/8/2017,2.88
9/7/2017,2.92
9/6/2017,2.98
9/5/2017,2.88
9/4/2017,2.88
9/1/2017,2.88
8/31/2017,2.92
8/30/2017,2.95
8/29/2017,2.95
8/28/2017,2.95
8/25/2017,2.93
8/24/2017,2.97
8/23/2017,2.94
8/22/2017,3
8/21/2017,3
8/18/2017,2.9
8/17/2017,2.91
8/16/2017,2.94
8/15/2017,2.96
8/14/2017,3.02
8/11/2017,2.96
8/10/2017,2.89
8/9/2017,2.81
8/8/2017,2.81
8/7/2017,2.8
8/4/2017,2.76
8/3/2017,2.76
8/2/2017,2.8
8/1/2017,2.8
7/31/2017,2.87
7/28/2017,2.96
7/27/2017,2.95
7/26/2017,2.92
7/25/2017,2.99
7/24/2017,2.99
7/21/2017,3.06
7/20/2017,3.12
7/19/2017,3.11
7/18/2017,3.11
7/17/2017,3.04
7/14/2017,2.94
7/13/2017,2.96
7/12/2017,3.01
7/11/2017,2.98
7/10/2017,2.92
7/7/2017,2.91
7/6/2017,2.89
7/5/2017,2.98
7/4/2017,2.98
7/3/2017,2.98
6/30/2017,2.98
6/29/2017,3.07
6/28/2017,3.03
6/27/2017,2.99
6/26/2017,2.98
6/23/2017,2.89
6/22/2017,2.88
6/21/2017,2.91
6/20/2017,2.91
6/19/2017,2.87
6/16/2017,3.01
6/15/2017,2.94
6/14/2017,2.95
6/13/2017,3.12
6/12/2017,3.12
6/9/2017,3.03
6/8/2017,2.98
6/7/2017,3.06
6/6/2017,2.92
6/5/2017,2.92
6/2/2017,2.85
6/1/2017,3.05
5/31/2017,3.05
5/30/2017,3.1
5/29/2017,3.1
5/26/2017,3.1
5/25/2017,3.1
5/24/2017,3.22
5/23/2017,3.22
5/22/2017,3.24
5/19/2017,3.11
5/18/2017,3.13
5/17/2017,3.27
5/16/2017,3.27
5/15/2017,3.26
5/12/2017,3.24
5/11/2017,3.23
5/10/2017,3.03
5/9/2017,3.03
5/8/2017,3.06
5/5/2017,3.1
5/4/2017,3.11
5/3/2017,3.14
5/2/2017,3.13
5/1/2017,3.2
4/28/2017,3.2
4/27/2017,3.13
4/26/2017,3.06
4/25/2017,2.99
4/24/2017,3.06
4/21/2017,3.06
4/20/2017,3.13
4/19/2017,3.11
4/18/2017,3.11
4/17/2017,3.09
4/14/2017,3
4/13/2017,3
4/12/2017,2.97
4/11/2017,3.11
4/10/2017,3.15
4/7/2017,3.23
4/6/2017,3.23
4/5/2017,3.22
4/4/2017,3.06
4/3/2017,3.13
3/31/2017,3.13
3/30/2017,3.08
3/29/2017,3.03
3/28/2017,2.95
3/27/2017,2.94
3/24/2017,2.97
3/23/2017,2.93
3/22/2017,3.02
3/21/2017,3.09
3/20/2017,2.93
3/17/2017,2.85
3/16/2017,2.84
3/15/2017,3.02
3/14/2017,3.02
3/13/2017,3.04
3/10/2017,2.98
3/9/2017,2.83
3/8/2017,2.59
3/7/2017,2.68
3/6/2017,2.68
3/3/2017,2.5
3/2/2017,2.59
3/1/2017,2.54
2/28/2017,2.54
2/27/2017,2.44
2/24/2017,2.63
2/23/2017,2.63
2/22/2017,2.52
2/21/2017,2.56
2/20/2017,2.75
2/17/2017,2.75
2/16/2017,2.88
2/15/2017,2.95
2/14/2017,2.85
2/13/2017,2.93
2/10/2017,3.11
2/9/2017,3.11
2/8/2017,3.05
2/7/2017,3.03
2/6/2017,2.92
2/3/2017,3.13
2/2/2017,3.13
2/1/2017,3.15
1/31/2017,3
1/30/2017,3.22
1/27/2017,3.31
1/26/2017,3.44
1/25/2017,3.26
1/24/2017,3.16
1/23/2017,3.16
1/20/2017,3.23
1/19/2017,3.25
1/18/2017,3.26
1/17/2017,3.37
1/16/2017,3.36
1/13/2017,3.36
1/12/2017,3.36
1/11/2017,3.27
1/10/2017,3.21
1/9/2017,3.14
1/6/2017,3.38
1/5/2017,3.42
1/4/2017,3.42
1/3/2017,3.41
1/2/2017,3.71
12/30/2016,3.71
12/29/2016,3.71
12/28/2016,3.7
12/27/2016,3.7
12/26/2016,3.6
12/23/2016,3.6
12/22/2016,3.5
12/21/2016,3.5
12/20/2016,3.39
12/19/2016,3.55
12/16/2016,3.51
12/15/2016,3.56
12/14/2016,3.55
12/13/2016,3.65
12/12/2016,3.6
12/9/2016,3.75
12/8/2016,3.68
12/7/2016,3.8
12/6/2016,3.75
12/5/2016,3.44
12/2/2016,3.44
12/1/2016,3.32
11/30/2016,3.32
11/29/2016,3.02
11/28/2016,2.96
11/25/2016,2.76
11/24/2016,2.76
11/23/2016,2.76
11/22/2016,2.73
11/21/2016,2.81
11/18/2016,2.6
11/17/2016,2.37
11/16/2016,2.49
11/15/2016,2.49
11/14/2016,2.26
11/11/2016,2.08
11/10/2016,2.08
11/9/2016,2.22
11/8/2016,2.34
11/7/2016,2.37
11/4/2016,2.2
11/3/2016,2.41
11/2/2016,2.53
11/1/2016,2.53
10/31/2016,2.85
10/28/2016,2.72
10/27/2016,2.72
10/26/2016,2.69
10/25/2016,2.69
10/24/2016,2.78
10/21/2016,2.92
10/20/2016,3.12
10/19/2016,3.18
10/18/2016,3.25
10/17/2016,3.21
10/14/2016,3.18
10/13/2016,3.16
10/12/2016,3.17
10/11/2016,3.17
10/10/2016,3.18
10/7/2016,3.02
10/6/2016,3.04
10/5/2016,2.83
10/4/2016,2.83
10/3/2016,2.84
9/30/2016,2.84
9/29/2016,2.98
9/28/2016,3.07
9/27/2016,3.09
9/26/2016,3.06
9/23/2016,3.06
9/22/2016,3.18
9/21/2016,3.19
9/20/2016,3.12
9/19/2016,3
9/16/2016,2.97
9/15/2016,2.98
9/14/2016,3.07
9/13/2016,3.04
9/12/2016,3.04
9/9/2016,2.93
9/8/2016,2.88
9/7/2016,2.77
9/6/2016,2.88
9/5/2016,2.88
9/2/2016,2.88
9/1/2016,2.95
8/31/2016,2.95
8/30/2016,2.95
8/29/2016,2.97
8/26/2016,2.91
8/25/2016,2.89
8/24/2016,2.82
8/23/2016,2.75
8/22/2016,2.75
8/19/2016,2.67
8/18/2016,2.75
8/17/2016,2.76
8/16/2016,2.75
8/15/2016,2.75
8/12/2016,2.7
8/11/2016,2.7
8/10/2016,2.76
8/9/2016,2.85
8/8/2016,2.85
8/5/2016,2.88
8/4/2016,2.89
8/3/2016,2.89
8/2/2016,2.79
8/1/2016,2.97
7/29/2016,2.97
7/28/2016,2.79
7/27/2016,2.84
7/26/2016,2.84
7/25/2016,2.8
7/22/2016,2.8
7/21/2016,2.76
7/20/2016,2.76
7/19/2016,2.83
7/18/2016,2.83
7/15/2016,2.7
7/14/2016,2.79
7/13/2016,2.81
7/12/2016,2.88
7/11/2016,2.88
7/8/2016,2.8
7/7/2016,2.78
7/6/2016,2.82
7/5/2016,2.82
7/4/2016,2.89
7/1/2016,2.89
6/30/2016,2.94
6/29/2016,2.94
6/28/2016,2.89
6/27/2016,2.79
6/24/2016,2.71
6/23/2016,2.69
6/22/2016,2.82
6/21/2016,2.79
6/20/2016,2.74
6/17/2016,2.59
6/16/2016,2.62
6/15/2016,2.62
6/14/2016,2.55
6/13/2016,2.55
6/10/2016,2.46
6/9/2016,2.34
6/8/2016,2.36
6/7/2016,2.32
6/6/2016,2.32
6/3/2016,2.31
6/2/2016,2.3
6/1/2016,2.25
5/31/2016,2.12
5/30/2016,1.77
5/27/2016,1.77
5/26/2016,1.77
5/25/2016,1.77
5/24/2016,1.91
5/23/2016,1.96
5/20/2016,1.81
5/19/2016,1.83
5/18/2016,1.91
5/17/2016,1.97
5/16/2016,1.91
5/13/2016,1.96
5/12/2016,2.01
5/11/2016,2.01
5/10/2016,2.01
5/9/2016,2.01
5/6/2016,1.86
5/5/2016,2.05
5/4/2016,2.03
5/3/2016,1.94
5/2/2016,1.91
4/29/2016,1.89
4/28/2016,1.88
4/27/2016,1.88
4/26/2016,1.97
4/25/2016,1.97
4/22/2016,1.92
4/21/2016,1.96
4/20/2016,1.94
4/19/2016,1.94
4/18/2016,1.76
4/15/2016,1.71
4/14/2016,1.93
4/13/2016,2.01
4/12/2016,1.97
4/11/2016,1.9
4/8/2016,1.99
4/7/2016,1.96
4/6/2016,1.91
4/5/2016,1.96
4/4/2016,1.96
4/1/2016,1.88
3/31/2016,1.98
3/30/2016,1.87
3/29/2016,1.77
3/28/2016,1.78
3/25/2016,1.78
3/24/2016,1.78
3/23/2016,1.79
3/22/2016,1.79
3/21/2016,1.79
3/18/2016,1.84
3/17/2016,1.84
3/16/2016,1.77
3/15/2016,1.81
3/14/2016,1.68
3/11/2016,1.74
3/10/2016,1.72
3/9/2016,1.61
3/8/2016,1.6
3/7/2016,1.56
3/4/2016,1.49
3/3/2016,1.59
3/2/2016,1.6
3/1/2016,1.57
2/29/2016,1.62
2/26/2016,1.78
2/25/2016,1.78
2/24/2016,1.85
2/23/2016,1.85
2/22/2016,1.86
2/19/2016,1.83
2/18/2016,1.89
2/17/2016,1.93
2/16/2016,1.95
2/15/2016,2.08
2/12/2016,2.08
2/11/2016,2.15
2/10/2016,2.16
2/9/2016,2.17
2/8/2016,2.23
2/5/2016,2.08
2/4/2016,2.07
2/3/2016,2.06
2/2/2016,2.07
2/1/2016,2.28
1/29/2016,2.28
1/28/2016,2.15
1/27/2016,2.26
1/26/2016,2.26
1/25/2016,2.16
1/22/2016,2.21
1/21/2016,2.22
1/20/2016,2.18
1/19/2016,2.23
1/18/2016,2.18
1/15/2016,2.18
1/14/2016,2.21
1/13/2016,2.28
1/12/2016,2.4
1/11/2016,2.54
1/8/2016,2.47
1/7/2016,2.35
1/6/2016,2.37
1/5/2016,2.33
1/4/2016,2.39
1/1/2016,2.28
12/31/2015,2.28
12/30/2015,2.28
12/29/2015,2.39
12/28/2015,2.11
12/25/2015,1.63
12/24/2015,1.63
12/23/2015,1.63
12/22/2015,1.73
12/21/2015,1.76
12/18/2015,1.74
12/17/2015,1.79
12/16/2015,1.7
12/15/2015,1.66
12/14/2015,1.7
12/11/2015,1.79
12/10/2015,1.95
12/9/2015,2
12/8/2015,2.01
12/7/2015,2.06
12/4/2015,2.1
12/3/2015,2.14
12/2/2015,2.19
12/1/2015,2.11
11/30/2015,2.11
11/27/2015,2.14
11/26/2015,2.14
11/25/2015,2.14
11/24/2015,2.14
11/23/2015,2.18
11/20/2015,2.18
11/19/2015,2.1
11/18/2015,2.1
11/17/2015,2.05
11/16/2015,2.02
11/13/2015,2.02
11/12/2015,2.05
11/11/2015,2.13
11/10/2015,2.14
11/9/2015,2.19
11/6/2015,2.19
11/5/2015,2.04
11/4/2015,2.04
11/3/2015,1.92
11/2/2015,1.92
10/30/2015,1.98
10/29/2015,2.15
10/28/2015,2.14
10/27/2015,2.14
10/26/2015,2.18
10/23/2015,2.28
10/22/2015,2.37
10/21/2015,2.37
10/20/2015,2.46
10/19/2015,2.43
10/16/2015,2.42
10/15/2015,2.54
10/14/2015,2.47
10/13/2015,2.47
10/12/2015,2.48
10/9/2015,2.49
10/8/2015,2.35
10/7/2015,2.35
10/6/2015,2.35
10/5/2015,2.34
10/2/2015,2.37
10/1/2015,2.37
9/30/2015,2.47
9/29/2015,2.57
9/28/2015,2.66
9/25/2015,2.6
9/24/2015,2.62
9/23/2015,2.62
9/22/2015,2.61
9/21/2015,2.61
9/18/2015,2.69
9/17/2015,2.69
9/16/2015,2.69
9/15/2015,2.74
9/14/2015,2.7
9/11/2015,2.67
9/10/2015,2.71
9/9/2015,2.74
9/8/2015,2.74
9/7/2015,2.67
9/4/2015,2.67
9/3/2015,2.67
9/2/2015,2.7
9/1/2015,2.7
8/31/2015,2.7
8/28/2015,2.69
8/27/2015,2.69
8/26/2015,2.73
8/25/2015,2.71
8/24/2015,2.65
8/21/2015,2.7
8/20/2015,2.77
8/19/2015,2.77
8/18/2015,2.71
8/17/2015,2.79
8/14/2015,2.83
8/13/2015,2.93
8/12/2015,2.93
8/11/2015,2.84
8/10/2015,2.85
8/7/2015,2.76
8/6/2015,2.76
8/5/2015,2.85
8/4/2015,2.83
8/3/2015,2.76
7/31/2015,2.76
7/30/2015,2.87
7/29/2015,2.91
7/28/2015,2.89
7/27/2015,2.92
7/24/2015,2.92
7/23/2015,2.92
7/22/2015,2.84
7/21/2015,2.84
7/20/2015,2.88
7/17/2015,2.88
7/16/2015,2.9
7/15/2015,2.93
7/14/2015,2.88
7/13/2015,2.88
7/10/2015,2.7
7/9/2015,2.7
7/8/2015,2.77
7/7/2015,2.77
7/6/2015,2.79
7/3/2015,2.79
7/2/2015,2.79
7/1/2015,2.78
6/30/2015,2.8
6/29/2015,2.77
6/26/2015,2.77
6/25/2015,2.8
6/24/2015,2.83
6/23/2015,2.83
6/22/2015,2.79
6/19/2015,2.81
6/18/2015,2.93
6/17/2015,2.93
6/16/2015,2.94
6/15/2015,2.89
6/12/2015,2.88
6/11/2015,2.88
6/10/2015,2.81
6/9/2015,2.72
6/8/2015,2.6
6/5/2015,2.6
6/4/2015,2.6
6/3/2015,2.65
6/2/2015,2.63
6/1/2015,2.78
5/29/2015,2.78
5/28/2015,2.78
5/27/2015,2.82
5/26/2015,2.82
5/22/2015,2.96
5/21/2015,2.96
5/20/2015,3.04
5/19/2015,3.01
5/18/2015,3.01
5/15/2015,2.96
5/14/2015,2.87
5/13/2015,2.85
5/12/2015,2.85
5/11/2015,2.85
5/8/2015,2.78
5/7/2015,2.74
5/6/2015,2.76
5/5/2015,2.76
5/4/2015,2.72
5/1/2015,2.68
4/30/2015,2.56
4/29/2015,2.55
4/28/2015,2.55
4/27/2015,2.5
4/24/2015,2.59
4/23/2015,2.59
4/22/2015,2.63
4/21/2015,2.59
4/20/2015,2.57
4/17/2015,2.67
4/16/2015,2.61
4/15/2015,2.62
4/14/2015,2.58
4/13/2015,2.58
4/10/2015,2.58
4/9/2015,2.72
4/8/2015,2.71
4/7/2015,2.71
4/6/2015,2.63
4/2/2015,2.63
4/1/2015,2.62
3/31/2015,2.65
3/30/2015,2.64
3/27/2015,2.89
3/26/2015,2.77
3/25/2015,2.77
3/24/2015,2.79
3/23/2015,2.72
3/20/2015,2.86
3/19/2015,2.86
3/18/2015,2.8
3/17/2015,2.82
3/16/2015,2.68
3/13/2015,2.72
3/12/2015,2.82
3/11/2015,2.76
3/10/2015,2.76
3/9/2015,2.75
3/6/2015,2.89
3/5/2015,3.27
3/4/2015,3.27
3/3/2015,3
3/2/2015,2.79
2/27/2015,2.79
2/26/2015,3.21
2/25/2015,3.21
2/24/2015,3.22
2/23/2015,3.22
2/20/2015,3.02
2/19/2015,2.92
2/18/2015,2.92
2/17/2015,2.75
2/13/2015,2.75
2/12/2015,2.86
2/11/2015,2.86
2/10/2015,2.67
2/9/2015,2.62
2/6/2015,2.66
2/5/2015,2.66
2/4/2015,2.73
2/3/2015,2.67
2/2/2015,2.88
1/30/2015,2.88
1/29/2015,2.88
1/28/2015,2.89
1/27/2015,2.96
1/26/2015,2.92
1/23/2015,2.96
1/22/2015,2.95
1/21/2015,2.94
1/20/2015,2.94
1/16/2015,3.11
1/15/2015,3.32
1/14/2015,3.15
1/13/2015,2.92
1/12/2015,2.9
1/9/2015,2.96
1/8/2015,2.92
1/7/2015,3.08
1/6/2015,2.98
1/5/2015,3.22
1/2/2015,3.01
12/31/2014,3.14
12/30/2014,3.14
12/29/2014,3.07
12/26/2014,2.74
12/24/2014,2.99
12/23/2014,2.99
12/22/2014,3.05
12/19/2014,3.71
12/18/2014,3.71
12/17/2014,3.72
12/16/2014,3.58
12/15/2014,3.72
12/12/2014,3.91
12/11/2014,3.68
12/10/2014,3.65
12/9/2014,3.63
12/8/2014,3.42
12/5/2014,3.42
12/4/2014,3.63
12/3/2014,3.63
12/2/2014,3.77
12/1/2014,4.3
11/28/2014,4.3
11/26/2014,4.15
11/25/2014,4.09
11/24/2014,4.09
11/21/2014,4.32
11/20/2014,4.41
11/19/2014,4.41
11/18/2014,4.33
11/17/2014,4.26
11/14/2014,4.05
11/13/2014,4.2
11/12/2014,4.2
11/11/2014,4.18
11/10/2014,4.18
11/7/2014,3.92
11/6/2014,3.92
11/5/2014,3.83
11/4/2014,3.67
11/3/2014,3.82
10/31/2014,3.82
10/30/2014,3.76
10/29/2014,3.6
10/28/2014,3.53
10/27/2014,3.56
10/24/2014,3.53
10/23/2014,3.6
10/22/2014,3.69
10/21/2014,3.62
10/20/2014,3.69
10/17/2014,3.73
10/16/2014,3.8
10/15/2014,3.81
10/14/2014,3.91
10/13/2014,3.87
10/10/2014,3.86
10/9/2014,3.87
10/8/2014,3.88
10/7/2014,3.88
10/6/2014,3.89
10/3/2014,3.94
10/2/2014,4
10/1/2014,4.14
9/30/2014,4.14
9/29/2014,3.89
9/26/2014,3.89
9/25/2014,3.89
9/24/2014,3.84
9/23/2014,3.9
9/22/2014,3.88
9/19/2014,3.99
9/18/2014,3.99
9/17/2014,3.97
9/16/2014,3.85
9/15/2014,3.92
9/12/2014,3.82
9/11/2014,3.94
9/10/2014,3.98
9/9/2014,3.93
9/8/2014,3.86
9/5/2014,3.86
9/4/2014,3.91
9/3/2014,3.94
9/2/2014,4.01
8/29/2014,4.04
8/28/2014,4.06
8/27/2014,4.02
8/26/2014,3.99
8/25/2014,3.94
8/22/2014,3.88
8/21/2014,3.88
8/20/2014,3.88
8/19/2014,3.84
8/18/2014,3.78
8/15/2014,3.8
8/14/2014,3.85
8/13/2014,3.9
8/12/2014,3.94
8/11/2014,4
8/8/2014,3.94
8/7/2014,3.99
8/6/2014,3.92
8/5/2014,3.87
8/4/2014,3.87
8/1/2014,3.77
7/31/2014,3.78
7/30/2014,3.78
7/29/2014,3.79
7/28/2014,3.84
7/25/2014,3.86
7/24/2014,3.83
7/23/2014,3.83
7/22/2014,3.81
7/21/2014,3.87
7/18/2014,4.08
7/17/2014,4.04
7/16/2014,4.16
7/15/2014,4.13
7/14/2014,4.13
7/11/2014,4.13
7/10/2014,4.15
7/9/2014,4.17
7/8/2014,4.18
7/7/2014,4.31
7/3/2014,4.31
7/2/2014,4.47
7/1/2014,4.47
6/30/2014,4.39
6/27/2014,4.39
6/26/2014,4.58
6/25/2014,4.58
6/24/2014,4.49
6/23/2014,4.53
6/20/2014,4.53
6/19/2014,4.67
6/18/2014,4.68
6/17/2014,4.68
6/16/2014,4.71
6/13/2014,4.7
6/12/2014,4.51
6/11/2014,4.51
6/10/2014,4.67
6/9/2014,4.67
6/6/2014,4.66
6/5/2014,4.66
6/4/2014,4.62
6/3/2014,4.62
6/2/2014,4.49
5/30/2014,4.49
5/29/2014,4.63
5/28/2014,4.56
5/27/2014,4.4
5/23/2014,4.4
5/22/2014,4.57
5/21/2014,4.57
5/20/2014,4.53
5/19/2014,4.54
5/16/2014,4.42
5/15/2014,4.42
5/14/2014,4.47
5/13/2014,4.47
5/12/2014,4.52
5/9/2014,4.59
5/8/2014,4.77
5/7/2014,4.82
5/6/2014,4.8
5/5/2014,4.73
5/2/2014,4.73
5/1/2014,4.79
4/30/2014,4.79
4/29/2014,4.78
4/28/2014,4.72
4/25/2014,4.83
4/24/2014,4.81
4/23/2014,4.81
4/22/2014,4.76
4/21/2014,4.76
4/17/2014,4.64
4/16/2014,4.64
4/15/2014,4.69
4/14/2014,4.64
4/11/2014,4.67
4/10/2014,4.67
4/9/2014,4.67
4/8/2014,4.57
4/7/2014,4.58
4/4/2014,4.49
4/3/2014,4.51
4/2/2014,4.39
4/1/2014,4.39
3/31/2014,4.48
3/28/2014,4.5
3/27/2014,4.39
3/26/2014,4.44
3/25/2014,4.53
3/24/2014,4.42
3/21/2014,4.33
3/20/2014,4.39
3/19/2014,4.43
3/18/2014,4.42
3/17/2014,4.57
3/14/2014,4.4
3/13/2014,4.41
3/12/2014,4.72
3/11/2014,4.67
3/10/2014,4.67
3/7/2014,4.78
3/6/2014,4.89
3/5/2014,6.46
3/4/2014,7.98
3/3/2014,7.09
2/28/2014,4.8
2/27/2014,4.61
2/26/2014,4.81
2/25/2014,5.21
2/24/2014,6.08
2/21/2014,6.24
2/20/2014,5.96
2/19/2014,6
2/18/2014,5.8
2/14/2014,5.54
2/13/2014,5.34
2/12/2014,5.96
2/11/2014,7.75
2/10/2014,8.15
2/7/2014,5.92
2/6/2014,6.9
2/5/2014,8.12
2/4/2014,5.78
2/3/2014,5.04
1/31/2014,5.04
1/30/2014,5.27
1/29/2014,5.23
1/28/2014,5.25
1/27/2014,5.66
1/24/2014,5.17
1/23/2014,5.64
1/22/2014,4.92
1/21/2014,4.61
1/17/2014,4.39
1/16/2014,4.55
1/15/2014,4.45
1/14/2014,4.36
1/13/2014,4.19
1/10/2014,3.95
1/9/2014,4.15
1/8/2014,4.36
1/7/2014,4.58
1/6/2014,4.5
1/3/2014,4.39
1/2/2014,4.32
12/31/2013,4.31
12/30/2013,4.41
12/27/2013,4.34
12/26/2013,4.4
12/24/2013,4.52
12/23/2013,4.52
12/20/2013,4.35
12/19/2013,4.25
12/18/2013,4.25
12/17/2013,4.2
12/16/2013,4.21
12/13/2013,4.44
12/12/2013,4.4
12/11/2013,4.24
12/10/2013,4.24
12/9/2013,4.24
12/6/2013,4.15
12/5/2013,3.97
12/4/2013,3.89
12/3/2013,3.84
12/2/2013,3.85
11/29/2013,3.87
11/27/2013,3.87
11/26/2013,3.87
11/25/2013,3.85
11/22/2013,3.78
11/21/2013,3.68
11/20/2013,3.63
11/19/2013,3.63
11/18/2013,3.71
11/15/2013,3.56
11/14/2013,3.52
11/13/2013,3.69
11/12/2013,3.69
11/11/2013,3.62
11/8/2013,3.54
11/7/2013,3.59
11/6/2013,3.46
11/5/2013,3.37
11/4/2013,3.38
11/1/2013,3.45
10/31/2013,3.57
10/30/2013,3.55
10/29/2013,3.57
10/28/2013,3.61
10/25/2013,3.69
10/24/2013,3.65
10/23/2013,3.66
10/22/2013,3.7
10/21/2013,3.77
10/18/2013,3.72
10/17/2013,3.75
10/16/2013,3.84
10/15/2013,3.83
10/14/2013,3.82
10/11/2013,3.74
10/10/2013,3.74
10/9/2013,3.7
10/8/2013,3.72
10/7/2013,3.62
10/4/2013,3.57
10/3/2013,3.58
10/2/2013,3.63
10/1/2013,3.56
9/30/2013,3.48
9/27/2013,3.51
9/26/2013,3.49
9/25/2013,3.52
9/24/2013,3.59
9/23/2013,3.66
9/20/2013,3.68
9/19/2013,3.73
9/18/2013,3.72
9/17/2013,3.77
9/16/2013,3.64
9/13/2013,3.6
9/12/2013,3.57
9/11/2013,3.6
9/10/2013,3.65
9/9/2013,3.62
9/6/2013,3.55
9/5/2013,3.7
9/4/2013,3.68
9/3/2013,3.64
8/30/2013,3.57
8/29/2013,3.58
8/28/2013,3.54
8/27/2013,3.5
8/26/2013,3.55
8/23/2013,3.5
8/22/2013,3.52
8/21/2013,3.51
8/20/2013,3.48
8/19/2013,3.46
8/16/2013,3.35
8/15/2013,3.34
8/14/2013,3.36
8/13/2013,3.34
8/12/2013,3.34
8/9/2013,3.32
8/8/2013,3.27
8/7/2013,3.32
8/6/2013,3.35
8/5/2013,3.33
8/2/2013,3.39
8/1/2013,3.44
7/31/2013,3.46
7/30/2013,3.48
7/29/2013,3.49
7/26/2013,3.59
7/25/2013,3.68
7/24/2013,3.7
7/23/2013,3.68
7/22/2013,3.71
7/19/2013,3.78
7/18/2013,3.66
7/17/2013,3.67
7/16/2013,3.69
7/15/2013,3.67
7/12/2013,3.61
7/11/2013,3.64
7/10/2013,3.69
7/9/2013,3.69
7/8/2013,3.65
7/5/2013,3.52
7/3/2013,3.54
7/2/2013,3.58
7/1/2013,3.52
6/28/2013,3.57
6/27/2013,3.73
6/26/2013,3.72
6/25/2013,3.77
6/24/2013,3.81
6/21/2013,3.85
6/20/2013,3.9
6/19/2013,3.93
6/18/2013,3.9
6/17/2013,3.78
6/14/2013,3.76
6/13/2013,3.73
6/12/2013,3.74
6/11/2013,3.77
6/10/2013,3.85
6/7/2013,3.79
6/6/2013,3.93
6/5/2013,3.99
6/4/2013,4
6/3/2013,4
5/31/2013,4.02
5/30/2013,4.12
5/29/2013,4.15
5/28/2013,4.19
5/24/2013,4.15
5/23/2013,4.15
5/22/2013,4.16
5/21/2013,4.13
5/20/2013,4.1
5/17/2013,3.89
5/16/2013,4.01
5/15/2013,4.03
5/14/2013,3.93
5/13/2013,3.87
5/10/2013,3.9
5/9/2013,3.87
5/8/2013,3.86
5/7/2013,3.88
5/6/2013,3.93
5/3/2013,3.98
5/2/2013,4.28
5/1/2013,4.31
4/30/2013,4.3
4/29/2013,4.28
4/26/2013,4.16
4/25/2013,4.19
4/24/2013,4.25
4/23/2013,4.27
4/22/2013,4.33
4/19/2013,4.38
4/18/2013,4.23
4/17/2013,4.24
4/16/2013,4.19
4/15/2013,4.23
4/12/2013,4.21
4/11/2013,4.11
4/10/2013,4.07
4/9/2013,4.08
4/8/2013,4.18
4/5/2013,3.98
4/4/2013,3.94
4/3/2013,4
4/2/2013,4.07
4/1/2013,3.97
3/28/2013,4.03
3/27/2013,4.08
3/26/2013,3.99
3/25/2013,4.08
3/22/2013,4.01
3/21/2013,4.01
3/20/2013,3.97
3/19/2013,3.96
3/18/2013,3.98
3/15/2013,3.89
3/14/2013,3.74
3/13/2013,3.72
3/12/2013,3.71
3/11/2013,3.64
3/8/2013,3.57
3/7/2013,3.54
3/6/2013,3.57
3/5/2013,3.63
3/4/2013,3.53
3/1/2013,3.54
2/28/2013,3.48
2/27/2013,3.49
2/26/2013,3.46
2/25/2013,3.42
2/22/2013,3.27
2/21/2013,3.29
2/20/2013,3.34
2/19/2013,3.23
2/15/2013,3.19
2/14/2013,3.3
2/13/2013,3.29
2/12/2013,3.3
2/11/2013,3.2
2/8/2013,3.26
2/7/2013,3.39
2/6/2013,3.41
2/5/2013,3.34
2/4/2013,3.27
2/1/2013,3.34
1/31/2013,3.33
1/30/2013,3.24
1/29/2013,3.14
1/28/2013,3.25
1/25/2013,3.42
1/24/2013,3.56
1/23/2013,3.53
1/22/2013,3.63
1/18/2013,3.54
1/17/2013,3.44
1/16/2013,3.43
1/15/2013,3.4
1/14/2013,3.39
1/11/2013,3.18
1/10/2013,3.08
1/9/2013,3.14
1/8/2013,3.21
1/7/2013,3.3
1/4/2013,3.2
1/3/2013,3.19
1/2/2013,3.3
12/31/2012,3.43
12/28/2012,3.4
12/27/2012,3.31
12/26/2012,3.35
12/24/2012,3.3
12/21/2012,3.42
12/20/2012,3.35
12/19/2012,3.25
12/18/2012,3.29
12/17/2012,3.2
12/14/2012,3.15
12/13/2012,3.27
12/12/2012,3.33
12/11/2012,3.39
12/10/2012,3.35
12/7/2012,3.33
12/6/2012,3.48
12/5/2012,3.41
12/4/2012,3.38
12/3/2012,3.44
11/30/2012,3.46
11/29/2012,3.61
11/28/2012,3.71
11/27/2012,3.77
11/26/2012,3.75
11/23/2012,3.59
11/21/2012,3.59
11/20/2012,3.62
11/19/2012,3.63
11/16/2012,3.46
11/15/2012,3.63
11/14/2012,3.66
11/13/2012,3.57
11/12/2012,3.4
11/9/2012,3.33
11/8/2012,3.45
11/7/2012,3.47
11/6/2012,3.41
11/5/2012,3.34
11/2/2012,3.4
11/1/2012,3.5
10/31/2012,3.5
10/30/2012,3.42
10/29/2012,3.4
10/26/2012,3.38
10/25/2012,3.39
10/24/2012,3.43
10/23/2012,3.34
10/22/2012,3.49
10/19/2012,3.43
10/18/2012,3.28
10/17/2012,3.24
10/16/2012,3.27
10/15/2012,3.35
10/12/2012,3.38
10/11/2012,3.28
10/10/2012,3.26
10/9/2012,3.18
10/8/2012,3.18
10/5/2012,3.26
10/4/2012,3.23
10/3/2012,3.21
10/2/2012,3.21
10/1/2012,3.19
9/28/2012,3.08
9/27/2012,3.01
9/26/2012,2.92
9/25/2012,2.84
9/24/2012,2.82
9/21/2012,2.76
9/20/2012,2.76
9/19/2012,2.7
9/18/2012,2.74
9/17/2012,2.83
9/14/2012,2.94
9/13/2012,3.01
9/12/2012,2.96
9/11/2012,2.82
9/10/2012,2.66
9/7/2012,2.73
9/6/2012,2.85
9/5/2012,2.87
9/4/2012,2.81
8/31/2012,2.72
8/30/2012,2.72
8/29/2012,2.64
8/28/2012,2.71
8/27/2012,2.8
8/24/2012,2.81
8/23/2012,2.81
8/22/2012,2.8
8/21/2012,2.8
8/20/2012,2.75
8/17/2012,2.7
8/16/2012,2.78
8/15/2012,2.82
8/14/2012,2.79
8/13/2012,2.77
8/10/2012,2.84
8/9/2012,2.89
8/8/2012,2.97
8/7/2012,2.99
8/6/2012,2.9
8/3/2012,2.91
8/2/2012,3.16
8/1/2012,3.2
7/31/2012,3.2
7/30/2012,3.14
7/27/2012,3.1
7/26/2012,3.13
7/25/2012,3.19
7/24/2012,3.16
7/23/2012,3.05
7/20/2012,3.03
7/19/2012,2.99
7/18/2012,2.84
7/17/2012,2.83
7/16/2012,2.92
7/13/2012,2.88
7/12/2012,2.83
7/11/2012,2.72
7/10/2012,2.87
7/9/2012,2.79
7/6/2012,2.94
7/5/2012,2.9
7/3/2012,2.78
7/2/2012,2.73
6/29/2012,2.74
6/28/2012,2.81
6/27/2012,2.87
6/26/2012,2.7
6/25/2012,2.7
6/22/2012,2.5
6/21/2012,2.48
6/20/2012,2.6
6/19/2012,2.59
6/18/2012,2.45
6/15/2012,2.44
6/14/2012,2.2
6/13/2012,2.18
6/12/2012,2.17
6/11/2012,2.22
6/8/2012,2.22
6/7/2012,2.33
6/6/2012,2.41
6/5/2012,2.39
6/4/2012,2.32
6/1/2012,2.24
5/31/2012,2.34
5/30/2012,2.39
5/29/2012,2.5
5/25/2012,2.56
5/24/2012,2.66
5/23/2012,2.6
5/22/2012,2.55
5/21/2012,2.6
5/18/2012,2.56
5/17/2012,2.6
5/16/2012,2.5
5/15/2012,2.38
5/14/2012,2.41
5/11/2012,2.37
5/10/2012,2.36
5/9/2012,2.36
5/8/2012,2.27
5/7/2012,2.3
5/4/2012,2.3
5/3/2012,2.29
5/2/2012,2.31
5/1/2012,2.29
4/30/2012,2.1
4/27/2012,2.05
4/26/2012,2.1
4/25/2012,1.99
4/24/2012,1.97
4/23/2012,1.89
4/20/2012,1.82
4/19/2012,1.85
4/18/2012,1.87
4/17/2012,1.89
4/16/2012,1.88
4/13/2012,1.87
4/12/2012,1.87
4/11/2012,1.91
4/10/2012,1.99
4/9/2012,1.99
4/5/2012,1.98
4/4/2012,2.06
4/3/2012,1.94
4/2/2012,1.88
3/30/2012,2
3/29/2012,2.02
3/28/2012,2.05
3/27/2012,2.09
3/26/2012,2.16
3/23/2012,2.07
3/22/2012,2.19
3/21/2012,2.21
3/20/2012,2.19
3/19/2012,2.14
3/16/2012,2.01
3/15/2012,2.07
3/14/2012,2.13
3/13/2012,2.15
3/12/2012,2.17
3/9/2012,2.21
3/8/2012,2.24
3/7/2012,2.24
3/6/2012,2.3
3/5/2012,2.31
3/2/2012,2.38
3/1/2012,2.45
2/29/2012,2.44
2/28/2012,2.44
2/27/2012,2.55
2/24/2012,2.6
2/23/2012,2.68
2/22/2012,2.6
2/21/2012,2.63
2/17/2012,2.67
2/16/2012,2.47
2/15/2012,2.54
2/14/2012,2.48
2/13/2012,2.42
2/10/2012,2.51
2/9/2012,2.5
2/8/2012,2.48
2/7/2012,2.6
2/6/2012,2.46
2/3/2012,2.4
2/2/2012,2.3
2/1/2012,2.32
1/31/2012,2.51
1/30/2012,2.71
1/27/2012,2.59
1/26/2012,2.68
1/25/2012,2.61
1/24/2012,2.6
1/23/2012,2.39
1/20/2012,2.23
1/19/2012,2.36
1/18/2012,2.49
1/17/2012,2.51
1/13/2012,2.67
1/12/2012,2.7
1/11/2012,2.81
1/10/2012,2.97
1/9/2012,2.89
1/6/2012,2.85
1/5/2012,2.91
1/4/2012,2.96
1/3/2012,2.97
12/30/2011,2.98
12/29/2011,3.03
12/28/2011,3.07
12/27/2011,3.09
12/23/2011,2.97
12/22/2011,3.08
12/21/2011,3.05
12/20/2011,3.06
12/19/2011,3.03
12/16/2011,3.01
12/15/2011,3.05
12/14/2011,3.08
12/13/2011,3.12
12/12/2011,3.13
12/9/2011,3.29
12/8/2011,3.42
12/7/2011,3.45
12/6/2011,3.43
12/5/2011,3.38
12/2/2011,3.35
12/1/2011,3.49
11/30/2011,3.53
11/29/2011,3.39
11/28/2011,3.09
11/25/2011,2.84
11/23/2011,2.84
11/22/2011,3.06
11/21/2011,2.94
11/18/2011,3.01
11/17/2011,3.11
11/16/2011,3.11
11/15/2011,3.12
11/14/2011,3.17
11/11/2011,3.29
11/10/2011,3.48
11/9/2011,3.55
11/8/2011,3.42
11/7/2011,3.35
11/4/2011,3.44
11/3/2011,3.39
11/2/2011,3.39
11/1/2011,3.49
10/31/2011,3.66
10/28/2011,3.63
10/27/2011,3.59
10/26/2011,3.65
10/25/2011,3.62
10/24/2011,3.61
10/21/2011,3.54
10/20/2011,3.61
10/19/2011,3.59
10/18/2011,3.63
10/17/2011,3.72
10/14/2011,3.49
10/13/2011,3.42
10/12/2011,3.54
10/11/2011,3.52
10/10/2011,3.41
10/7/2011,3.4
10/6/2011,3.49
10/5/2011,3.63
10/4/2011,3.56
10/3/2011,3.57
9/30/2011,3.68
9/29/2011,3.77
9/28/2011,3.88
9/27/2011,3.92
9/26/2011,3.8
9/23/2011,3.74
9/22/2011,3.72
9/21/2011,3.78
9/20/2011,3.84
9/19/2011,3.78
9/16/2011,3.84
9/15/2011,4.04
9/14/2011,4.01
9/13/2011,3.96
9/12/2011,3.92
9/9/2011,3.96
9/8/2011,3.99
9/7/2011,3.96
9/6/2011,3.93
9/2/2011,4.12
9/1/2011,4.18
8/31/2011,3.97
8/30/2011,3.85
8/29/2011,3.93
8/26/2011,3.96
8/25/2011,4.01
8/24/2011,4.1
8/23/2011,4.01
8/22/2011,3.97
8/19/2011,3.99
8/18/2011,3.98
8/17/2011,3.98
8/16/2011,4.03
8/15/2011,4.05
8/12/2011,4.17
8/11/2011,4.06
8/10/2011,4.09
8/9/2011,4.06
8/8/2011,4
8/5/2011,4
8/4/2011,4.2
8/3/2011,4.26
8/2/2011,4.3
8/1/2011,4.29
7/29/2011,4.26
7/28/2011,4.41
7/27/2011,4.46
7/26/2011,4.43
7/25/2011,4.45
7/22/2011,4.46
7/21/2011,4.58
7/20/2011,4.64
7/19/2011,4.6
7/18/2011,4.6
7/15/2011,4.49
7/14/2011,4.42
7/13/2011,4.43
7/12/2011,4.38
7/11/2011,4.35
7/8/2011,4.19
7/7/2011,4.25
7/6/2011,4.34
7/5/2011,4.4
7/1/2011,4.33
6/30/2011,4.28
6/29/2011,4.4
6/28/2011,4.34
6/27/2011,4.25
6/24/2011,4.2
6/23/2011,4.31
6/22/2011,4.42
6/21/2011,4.37
6/20/2011,4.33
6/17/2011,4.39
6/16/2011,4.54
6/15/2011,4.53
6/14/2011,4.59
6/13/2011,4.75
6/10/2011,4.72
6/9/2011,4.92
6/8/2011,4.83
6/7/2011,4.83
6/6/2011,4.83
6/3/2011,4.72
6/2/2011,4.64
6/1/2011,4.62
5/31/2011,4.63
5/27/2011,4.36
5/26/2011,4.37
5/25/2011,4.36
5/24/2011,4.37
5/23/2011,4.27
5/20/2011,4.05
5/19/2011,4.1
5/18/2011,4.15
5/17/2011,4.25
5/16/2011,4.21
5/13/2011,4.09
5/12/2011,4.1
5/11/2011,4.23
5/10/2011,4.19
5/9/2011,4.28
5/6/2011,4.24
5/5/2011,4.49
5/4/2011,4.59
5/3/2011,4.6
5/2/2011,4.6
4/29/2011,4.51
4/28/2011,4.38
4/27/2011,4.35
4/26/2011,4.32
4/25/2011,4.37
4/21/2011,4.33
4/20/2011,4.33
4/19/2011,4.19
4/18/2011,4.23
4/15/2011,4.21
4/14/2011,4.12
4/13/2011,4.14
4/12/2011,4.08
4/11/2011,4.05
4/8/2011,4.05
4/7/2011,4.12
4/6/2011,4.17
4/5/2011,4.22
4/4/2011,4.21
4/1/2011,4.32
3/31/2011,4.32
3/30/2011,4.25
3/29/2011,4.27
3/28/2011,4.35
3/25/2011,4.13
3/24/2011,4.27
3/23/2011,4.18
3/22/2011,4.05
3/21/2011,3.99
3/18/2011,3.98
3/17/2011,3.85
3/16/2011,3.86
3/15/2011,3.81
3/14/2011,3.9
3/11/2011,3.78
3/10/2011,3.87
3/9/2011,3.81
3/8/2011,3.83
3/7/2011,3.73
3/4/2011,3.7
3/3/2011,3.75
3/2/2011,3.79
3/1/2011,3.93
2/28/2011,3.93
2/25/2011,3.81
2/24/2011,3.83
2/23/2011,3.83
2/22/2011,3.89
2/18/2011,3.84
2/17/2011,3.9
2/16/2011,3.93
2/15/2011,3.92
2/14/2011,3.89
2/11/2011,3.96
2/10/2011,4.11
2/9/2011,4.22
2/8/2011,4.24
2/7/2011,4.32
2/4/2011,4.48
2/3/2011,4.69
2/2/2011,4.55
2/1/2011,4.42
1/31/2011,4.42
1/28/2011,4.27
1/27/2011,4.41
1/26/2011,4.4
1/25/2011,4.46
1/24/2011,4.72
1/21/2011,4.72
1/20/2011,4.57
1/19/2011,4.48
1/18/2011,4.52
1/14/2011,4.38
1/13/2011,4.48
1/12/2011,4.55
1/11/2011,4.42
1/10/2011,4.49
1/7/2011,4.42
1/6/2011,4.49
1/5/2011,4.52
1/4/2011,4.61
1/3/2011,4.54
12/31/2010,4.22
12/30/2010,4.22
12/29/2010,4.19
12/28/2010,4.1
12/27/2010,4.05
12/23/2010,4.08
12/22/2010,4.01
12/21/2010,4.17
12/20/2010,4.1
12/17/2010,3.99
12/16/2010,4.19
12/15/2010,4.22
12/14/2010,4.35
12/13/2010,4.55
12/10/2010,4.37
12/9/2010,4.52
12/8/2010,4.47
12/7/2010,4.48
12/6/2010,4.47
12/3/2010,4.23
12/2/2010,4.28
12/1/2010,4.21
11/30/2010,4.16
11/29/2010,4.12
11/26/2010,3.82
11/24/2010,3.82
11/23/2010,3.93
11/22/2010,4.02
11/19/2010,3.79
11/18/2010,3.89
11/17/2010,3.77
11/16/2010,3.66
11/15/2010,3.56
11/12/2010,3.5
11/11/2010,3.73
11/10/2010,4
11/9/2010,3.76
11/8/2010,3.49
11/5/2010,3.47
11/4/2010,3.53
11/3/2010,3.35
11/2/2010,3.2
11/1/2010,3.42
10/29/2010,3.36
10/28/2010,3.36
10/27/2010,3.37
10/26/2010,3.28
10/25/2010,3.18
10/22/2010,3.19
10/21/2010,3.46
10/20/2010,3.46
10/19/2010,3.36
10/18/2010,3.36
10/15/2010,3.47
10/14/2010,3.58
10/13/2010,3.58
10/12/2010,3.4
10/11/2010,3.43
10/8/2010,3.36
10/7/2010,3.62
10/6/2010,3.56
10/5/2010,3.51
10/4/2010,3.56
10/1/2010,3.67
9/30/2010,3.85
9/29/2010,3.81
9/28/2010,3.8
9/27/2010,3.8
9/24/2010,3.97
9/23/2010,4.08
9/22/2010,4.02
9/21/2010,3.95
9/20/2010,4.01
9/17/2010,4.11
9/16/2010,4.09
9/15/2010,4.06
9/14/2010,3.98
9/13/2010,3.83
9/10/2010,3.79
9/9/2010,3.79
9/8/2010,3.81
9/7/2010,3.82
9/3/2010,3.74
9/2/2010,3.74
9/1/2010,3.73
8/31/2010,3.8
8/30/2010,3.77
8/27/2010,3.75
8/26/2010,3.85
8/25/2010,3.99
8/24/2010,4.07
8/23/2010,4.12
8/20/2010,4.19
8/19/2010,4.29
8/18/2010,4.35
8/17/2010,4.28
8/16/2010,4.37
8/13/2010,4.35
8/12/2010,4.42
8/11/2010,4.38
8/10/2010,4.43
8/9/2010,4.52
8/6/2010,4.67
8/5/2010,4.84
8/4/2010,4.77
8/3/2010,4.78
8/2/2010,4.94
7/30/2010,4.81
7/29/2010,4.8
7/28/2010,4.75
7/27/2010,4.72
7/26/2010,4.65
7/23/2010,4.69
7/22/2010,4.67
7/21/2010,4.7
7/20/2010,4.59
7/19/2010,4.56
7/16/2010,4.68
7/15/2010,4.43
7/14/2010,4.39
7/13/2010,4.46
7/12/2010,4.42
7/9/2010,4.36
7/8/2010,4.61
7/7/2010,4.76
7/6/2010,4.85
7/2/2010,4.72
7/1/2010,4.54
6/30/2010,4.53
6/29/2010,4.68
6/28/2010,4.85
6/25/2010,4.84
6/24/2010,4.88
6/23/2010,4.9
6/22/2010,4.87
6/21/2010,5.15
6/18/2010,5.17
6/17/2010,5.14
6/16/2010,5.13
6/15/2010,5.11
6/14/2010,4.94
6/11/2010,4.68
6/10/2010,4.68
6/9/2010,4.75
6/8/2010,4.89
6/7/2010,4.67
6/4/2010,4.6
6/3/2010,4.46
6/2/2010,4.32
6/1/2010,4.39
5/28/2010,4.31
5/27/2010,4.22
5/26/2010,4.19
5/25/2010,4.08
5/24/2010,4.08
5/21/2010,4.12
5/20/2010,4.12
5/19/2010,4.28
5/18/2010,4.42
5/17/2010,4.34
5/14/2010,4.27
5/13/2010,4.26
5/12/2010,4.18
5/11/2010,4.15
5/10/2010,4.08
5/7/2010,3.91
5/6/2010,3.97
5/5/2010,4
5/4/2010,3.96
5/3/2010,3.86
4/30/2010,3.94
4/29/2010,4.24
4/28/2010,4.19
4/27/2010,4.18
4/26/2010,4.23
4/23/2010,4.07
4/22/2010,3.95
4/21/2010,3.96
4/20/2010,3.93
4/19/2010,4.02
4/16/2010,3.97
4/15/2010,4.16
4/14/2010,4.15
4/13/2010,3.97
4/12/2010,4.04
4/9/2010,3.9
4/8/2010,3.92
4/7/2010,4.08
4/6/2010,4.16
4/5/2010,3.93
4/1/2010,3.72
3/31/2010,3.93
3/30/2010,3.79
3/29/2010,3.83
3/26/2010,3.92
3/25/2010,4.01
3/24/2010,4.02
3/23/2010,4.08
3/22/2010,4.02
3/19/2010,4.01
3/18/2010,4.19
3/17/2010,4.27
3/16/2010,4.38
3/15/2010,4.29
3/12/2010,4.35
3/11/2010,4.47
3/10/2010,4.44
3/9/2010,4.51
3/8/2010,4.47
3/5/2010,4.56
3/4/2010,4.78
3/3/2010,4.76
3/2/2010,4.78
3/1/2010,4.83
2/26/2010,4.76
2/25/2010,4.84
2/24/2010,4.91
2/23/2010,4.91
2/22/2010,4.92
2/19/2010,5.1
2/18/2010,5.4
2/17/2010,5.47
2/16/2010,5.65
2/12/2010,5.48
2/11/2010,5.53
2/10/2010,5.48
2/9/2010,5.54
2/8/2010,5.73
2/5/2010,5.61
2/4/2010,5.47
2/3/2010,5.51
2/2/2010,5.47
2/1/2010,5.3
1/29/2010,5.26
1/28/2010,5.32
1/27/2010,5.42
1/26/2010,5.61
1/25/2010,5.76
1/22/2010,5.67
1/21/2010,5.52
1/20/2010,5.54
1/19/2010,5.51
1/15/2010,5.66
1/14/2010,5.77
1/13/2010,5.61
1/12/2010,5.57
1/11/2010,5.77
1/8/2010,6.56
1/7/2010,7.51
1/6/2010,6.47
1/5/2010,6.19
1/4/2010,6.09
12/31/2009,5.82
12/30/2009,5.78
12/29/2009,6.01
12/28/2009,5.91
12/24/2009,5.75
12/23/2009,5.55
12/22/2009,5.56
12/21/2009,5.79
12/18/2009,5.87
12/17/2009,5.65
12/16/2009,5.57
12/15/2009,5.53
12/14/2009,5.41
12/11/2009,5.21
12/10/2009,5.02
12/9/2009,5.27
12/8/2009,5.1
12/7/2009,4.78
12/4/2009,4.53
12/3/2009,4.57
12/2/2009,4.67
12/1/2009,4.3
11/30/2009,4.41
11/27/2009,3.32
11/25/2009,3.32
11/24/2009,3.63
11/23/2009,3.79
11/20/2009,3.09
11/19/2009,3.57
11/18/2009,3.74
11/17/2009,3.47
11/16/2009,2.65
11/13/2009,2.51
11/12/2009,3.24
11/11/2009,3.59
11/10/2009,3.76
11/9/2009,3.78
11/6/2009,3.95
11/5/2009,4.3
11/4/2009,4.49
11/3/2009,4.33
11/2/2009,4.32
10/30/2009,4.11
10/29/2009,4.11
10/28/2009,4.59
10/27/2009,4.52
10/26/2009,4.52
10/23/2009,4.88
10/22/2009,4.98
10/21/2009,4.8
10/20/2009,4.6
10/19/2009,4.22
10/16/2009,3.94
10/15/2009,3.88
10/14/2009,3.82
10/13/2009,4.03
10/12/2009,3.96
10/9/2009,3.92
10/8/2009,4.24
10/7/2009,3.7
10/6/2009,3.23
10/5/2009,2.89
10/2/2009,2.32
10/1/2009,2.91
9/30/2009,3.25
9/29/2009,3.3
9/28/2009,3.54
9/25/2009,3.61
9/24/2009,3.56
9/23/2009,3.43
9/22/2009,3.37
9/21/2009,3.35
9/18/2009,3.21
9/17/2009,3.5
9/16/2009,3.28
9/15/2009,3.21
9/14/2009,2.84
9/11/2009,2.94
9/10/2009,2.68
9/9/2009,2.72
9/8/2009,2.43
9/4/2009,1.83
9/3/2009,2.06
9/2/2009,2.25
9/1/2009,2.36
8/31/2009,2.42
8/28/2009,2.52
8/27/2009,2.76
8/26/2009,2.76
8/25/2009,2.85
8/24/2009,2.69
8/21/2009,2.78
8/20/2009,3.03
8/19/2009,3.03
8/18/2009,3.12
8/17/2009,3.11
8/14/2009,3.18
8/13/2009,3.34
8/12/2009,3.36
8/11/2009,3.54
8/10/2009,3.55
8/7/2009,3.57
8/6/2009,3.78
8/5/2009,3.61
8/4/2009,3.53
8/3/2009,3.43
7/31/2009,3.34
7/30/2009,3.34
7/29/2009,3.41
7/28/2009,3.49
7/27/2009,3.46
7/24/2009,3.37
7/23/2009,3.66
7/22/2009,3.49
7/21/2009,3.48
7/20/2009,3.49
7/17/2009,3.39
7/16/2009,3.21
7/15/2009,3.37
7/14/2009,3.29
7/13/2009,3.17
7/10/2009,3.24
7/9/2009,3.36
7/8/2009,3.22
7/7/2009,3.3
7/6/2009,3.24
7/2/2009,3.49
7/1/2009,3.63
6/30/2009,3.72
6/29/2009,3.88
6/26/2009,3.81
6/25/2009,3.82
6/24/2009,3.8
6/23/2009,3.91
6/22/2009,4.01
6/19/2009,4.04
6/18/2009,4.19
6/17/2009,3.99
6/16/2009,4.16
6/15/2009,3.8
6/12/2009,3.54
6/11/2009,3.51
6/10/2009,3.56
6/9/2009,3.53
6/8/2009,3.53
6/5/2009,3.51
6/4/2009,3.58
6/3/2009,3.81
6/2/2009,4.05
6/1/2009,3.86
5/29/2009,3.92
5/28/2009,3.55
5/27/2009,3.49
5/26/2009,3.35
5/22/2009,3.41
5/21/2009,3.77
5/20/2009,3.75
5/19/2009,3.99
5/18/2009,4.02
5/15/2009,4.05
5/14/2009,4.1
5/13/2009,4.42
5/12/2009,4.41
5/11/2009,4.24
5/8/2009,4.16
5/7/2009,3.96
5/6/2009,3.67
5/5/2009,3.62
5/4/2009,3.47
5/1/2009,3.3
4/30/2009,3.25
4/29/2009,3.43
4/28/2009,3.29
4/27/2009,3.19
4/24/2009,3.31
4/23/2009,3.46
4/22/2009,3.48
4/21/2009,3.43
4/20/2009,3.55
4/17/2009,3.47
4/16/2009,3.54
4/15/2009,3.6
4/14/2009,3.59
4/13/2009,3.46
4/9/2009,3.59
4/8/2009,3.5
4/7/2009,3.6
4/6/2009,3.74
4/3/2009,3.66
4/2/2009,3.69
4/1/2009,3.56
3/31/2009,3.58
3/30/2009,3.63
3/27/2009,3.73
3/26/2009,4.16
3/25/2009,4.13
3/24/2009,4.13
3/23/2009,4.17
3/20/2009,3.99
3/19/2009,3.68
3/18/2009,3.75
3/17/2009,3.78
3/16/2009,3.78
3/13/2009,3.9
3/12/2009,3.87
3/11/2009,3.92
3/10/2009,3.88
3/9/2009,3.86
3/6/2009,3.93
3/5/2009,4.22
3/4/2009,4.23
3/3/2009,4.43
3/2/2009,4.36
2/27/2009,4.04
2/26/2009,4.08
2/25/2009,4.2
2/24/2009,4.21
2/23/2009,4.23
2/20/2009,4.21
2/19/2009,4.46
2/18/2009,4.35
2/17/2009,4.35
2/13/2009,4.6
2/12/2009,4.73
2/11/2009,4.68
2/10/2009,4.84
2/9/2009,4.76
2/6/2009,4.67
2/5/2009,4.84
2/4/2009,5.01
2/3/2009,5.04
2/2/2009,4.48
1/30/2009,4.77
1/29/2009,4.71
1/28/2009,4.84
1/27/2009,4.76
1/26/2009,4.62
1/23/2009,4.75
1/22/2009,4.72
1/21/2009,4.87
1/20/2009,4.86
1/16/2009,5.09
1/15/2009,5.27
1/14/2009,5.47
1/13/2009,5.7
1/12/2009,5.59
1/9/2009,5.6
1/8/2009,5.96
1/7/2009,5.89
1/6/2009,6.1
1/5/2009,5.83
1/2/2009,5.41
12/31/2008,5.63
12/30/2008,5.71
12/29/2008,5.81
12/26/2008,5.44
12/24/2008,5.44
12/23/2008,5.37
12/22/2008,5.39
12/19/2008,5.66
12/18/2008,5.63
12/17/2008,5.79
12/16/2008,5.75
12/15/2008,5.75
12/12/2008,5.56
12/11/2008,5.86
12/10/2008,5.67
12/9/2008,5.57
12/8/2008,5.73
12/5/2008,5.99
12/4/2008,6.55
12/3/2008,6.48
12/2/2008,6.68
12/1/2008,6.48
11/28/2008,6.43
11/26/2008,6.43
11/25/2008,6.71
11/24/2008,6.85
11/21/2008,6.56
11/20/2008,6.76
11/19/2008,6.76
11/18/2008,6.74
11/17/2008,6.55
11/14/2008,6.33
11/13/2008,6.31
11/12/2008,6.65
11/11/2008,7.02
11/10/2008,7.07
11/7/2008,6.6
11/6/2008,7.04
11/5/2008,6.94
11/4/2008,6.79
11/3/2008,6.45
10/31/2008,6.18
10/30/2008,6.75
10/29/2008,6.58
10/28/2008,6.4
10/27/2008,6.27
10/24/2008,6.29
10/23/2008,6.77
10/22/2008,6.94
10/21/2008,6.76
10/20/2008,6.98
10/17/2008,6.76
10/16/2008,6.65
10/15/2008,6.64
10/14/2008,6.74
10/13/2008,6.62
10/10/2008,6.52
10/9/2008,6.69
10/8/2008,6.58
10/7/2008,6.74
10/6/2008,6.87
10/3/2008,7.16
10/2/2008,7.64
10/1/2008,7.41
9/30/2008,7.17
9/29/2008,7.13
9/26/2008,7.42
9/25/2008,7.63
9/24/2008,8.15
9/23/2008,7.84
9/22/2008,7.66
9/19/2008,7.79
9/18/2008,8.26
9/17/2008,7.72
9/16/2008,7.76
9/15/2008,8.02
9/12/2008,8.02
9/11/2008,7.83
9/10/2008,7.65
9/9/2008,7.28
9/8/2008,7.68
9/5/2008,7.4
9/4/2008,7.24
9/3/2008,7.26
9/2/2008,8.24
8/29/2008,8.24
8/28/2008,8.36
8/27/2008,8.54
8/26/2008,8.02
8/25/2008,7.63
8/22/2008,7.98
8/21/2008,8.04
8/20/2008,8.02
8/19/2008,7.73
8/18/2008,7.74
8/15/2008,7.82
8/14/2008,8.15
8/13/2008,8.11
8/12/2008,8.23
8/11/2008,8.18
8/8/2008,8.22
8/7/2008,8.77
8/6/2008,8.7
8/5/2008,8.66
8/4/2008,9.2
8/1/2008,9.05
7/31/2008,9.26
7/30/2008,9.01
7/29/2008,9.17
7/28/2008,9.26
7/25/2008,9.34
7/24/2008,9.7
7/23/2008,9.88
7/22/2008,10.16
7/21/2008,10.58
7/18/2008,10.54
7/17/2008,11.43
7/16/2008,11.15
7/15/2008,11.79
7/14/2008,11.58
7/11/2008,12.15
7/10/2008,11.83
7/9/2008,12.1
7/8/2008,12.47
7/7/2008,12.96
7/3/2008,13
7/2/2008,13.31
7/1/2008,13.28
6/30/2008,13.19
6/27/2008,13.1
6/26/2008,12.7
6/25/2008,12.76
6/24/2008,12.96
6/23/2008,12.92
6/20/2008,12.76
6/19/2008,13.09
6/18/2008,12.93
6/17/2008,12.87
6/16/2008,12.73
6/13/2008,12.51
6/12/2008,12.51
6/11/2008,12.49
6/10/2008,12.72
6/9/2008,12.71
6/6/2008,12.71
6/5/2008,12.49
6/4/2008,12.17
6/3/2008,12.27
6/2/2008,11.8
5/30/2008,11.43
5/29/2008,11.81
5/28/2008,11.6
5/27/2008,11.85
5/23/2008,11.56
5/22/2008,11.57
5/21/2008,11.4
5/20/2008,10.94
5/19/2008,11.1
5/16/2008,11.31
5/15/2008,11.41
5/14/2008,11.52
5/13/2008,11.18
5/12/2008,11.38
5/9/2008,11.29
5/8/2008,11.33
5/7/2008,11.08
5/6/2008,11.09
5/5/2008,10.77
5/2/2008,10.37
5/1/2008,10.66
4/30/2008,10.81
4/29/2008,10.94
4/28/2008,10.95
4/25/2008,10.72
4/24/2008,10.58
4/23/2008,10.33
4/22/2008,10.56
4/21/2008,10.5
4/18/2008,10.08
4/17/2008,10.27
4/16/2008,10.11
4/15/2008,10.16
4/14/2008,10.03
4/11/2008,10.07
4/10/2008,10.18
4/9/2008,9.88
4/8/2008,9.78
4/7/2008,9.48
4/4/2008,9.36
4/3/2008,9.68
4/2/2008,9.6
4/1/2008,9.92
3/31/2008,9.86
3/28/2008,9.36
3/27/2008,9.3
3/26/2008,9.25
3/25/2008,9.28
3/24/2008,8.99
3/20/2008,8.54
3/19/2008,9.11
3/18/2008,9.1
3/17/2008,9.59
3/14/2008,9.84
3/13/2008,9.74
3/12/2008,9.69
3/11/2008,9.85
3/10/2008,9.59
3/7/2008,9.82
3/6/2008,9.7
3/5/2008,9.37
3/4/2008,9.21
3/3/2008,9.07
2/29/2008,9.1
2/28/2008,9.11
2/27/2008,9.21
2/26/2008,9.21
2/25/2008,9.15
2/22/2008,8.65
2/21/2008,8.9
2/20/2008,9.08
2/19/2008,8.91
2/15/2008,8.73
2/14/2008,8.5
2/13/2008,8.35
2/12/2008,8.37
2/11/2008,8.38
2/8/2008,8.06
2/7/2008,7.99
2/6/2008,7.94
2/5/2008,7.8
2/4/2008,7.56
2/1/2008,7.88
1/31/2008,8.1
1/30/2008,8.17
1/29/2008,8.1
1/28/2008,7.87
1/25/2008,7.8
1/24/2008,7.85
1/23/2008,7.84
1/22/2008,7.97
1/18/2008,8.42
1/17/2008,8.1
1/16/2008,8.23
1/15/2008,8.43
1/14/2008,8.45
1/11/2008,8.13
1/10/2008,7.96
1/9/2008,7.89
1/8/2008,7.59
1/7/2008,7.61
1/4/2008,7.51
1/3/2008,7.84
1/2/2008,7.83
12/31/2007,7.11
12/28/2007,7.11
12/27/2007,6.8
12/26/2007,6.94
12/24/2007,7.03
12/21/2007,7.03
12/20/2007,7.19
12/19/2007,7.18
12/18/2007,7.16
12/17/2007,7.06
12/14/2007,7.09
12/13/2007,7.46
12/12/2007,7.22
12/11/2007,7.12
12/10/2007,6.98
12/7/2007,7.04
12/6/2007,7.29
12/5/2007,7.04
12/4/2007,7.27
12/3/2007,6.97
11/30/2007,7.29
11/29/2007,7.45
11/28/2007,7.51
11/27/2007,7.42
11/26/2007,7.53
11/23/2007,6.67
11/21/2007,6.67
11/20/2007,6.81
11/19/2007,7.38
11/16/2007,7.29
11/15/2007,7.35
11/14/2007,7.28
11/13/2007,7.22
11/12/2007,6.83
11/9/2007,6.59
11/8/2007,6.81
11/7/2007,7.42
11/6/2007,7.2
11/5/2007,6.71
11/2/2007,6.63
11/1/2007,7.09
10/31/2007,7.28
10/30/2007,6.99
10/29/2007,6.66
10/26/2007,6.43
10/25/2007,6.49
10/24/2007,6.11
10/23/2007,6.3
10/22/2007,6.63
10/19/2007,6.91
10/18/2007,7.11
10/17/2007,7.12
10/16/2007,7.29
10/15/2007,7.09
10/12/2007,6.46
10/11/2007,6.85
10/10/2007,6.79
10/9/2007,6.63
10/8/2007,6.69
10/5/2007,6.77
10/4/2007,6.91
10/3/2007,6.96
10/2/2007,6.55
10/1/2007,6.07
9/28/2007,6.15
9/27/2007,6.38
9/26/2007,6.47
9/25/2007,6.54
9/24/2007,6.12
9/21/2007,5.96
9/20/2007,6.02
9/19/2007,6.25
9/18/2007,6.42
9/17/2007,6.38
9/14/2007,6.23
9/13/2007,6.27
9/12/2007,6.13
9/11/2007,5.98
9/10/2007,5.56
9/7/2007,5.53
9/6/2007,6.02
9/5/2007,5.8
9/4/2007,5.3
8/31/2007,5.49
8/30/2007,5.54
8/29/2007,5.64
8/28/2007,5.56
8/27/2007,5.34
8/24/2007,5.69
8/23/2007,5.73
8/22/2007,5.84
8/21/2007,5.92
8/20/2007,6.47
8/17/2007,7.14
8/16/2007,6.96
8/15/2007,7.3
8/14/2007,6.86
8/13/2007,7.15
8/10/2007,6.57
8/9/2007,6.45
8/8/2007,6.24
8/7/2007,6.38
8/6/2007,6.1
8/3/2007,6.11
8/2/2007,6.34
8/1/2007,6.19
7/31/2007,6.53
7/30/2007,6.31
7/27/2007,5.77
7/26/2007,5.83
7/25/2007,5.56
7/24/2007,5.66
7/23/2007,6
7/20/2007,6.46
7/19/2007,6.5
7/18/2007,6.23
7/17/2007,6.34
7/16/2007,6.32
7/13/2007,6.27
7/12/2007,6.26
7/11/2007,6.66
7/10/2007,6.44
7/9/2007,6.39
7/6/2007,6.15
7/5/2007,6.3
7/3/2007,6.37
7/2/2007,6.24
6/29/2007,6.4
6/28/2007,6.79
6/27/2007,6.74
6/26/2007,6.85
6/25/2007,6.77
6/22/2007,7.04
6/21/2007,7.24
6/20/2007,7.39
6/19/2007,7.46
6/18/2007,7.69
6/15/2007,7.58
6/14/2007,7.48
6/13/2007,7.6
6/12/2007,7.45
6/11/2007,7.42
6/8/2007,7.52
6/7/2007,7.89
6/6/2007,7.83
6/5/2007,7.83
6/4/2007,7.73
6/1/2007,7.57
5/31/2007,7.8
5/30/2007,7.71
5/29/2007,7.51
5/25/2007,7.47
5/24/2007,7.56
5/23/2007,7.51
5/22/2007,7.6
5/21/2007,7.66
5/18/2007,7.87
5/17/2007,7.69
5/16/2007,7.62
5/15/2007,7.68
5/14/2007,7.85
5/11/2007,7.53
5/10/2007,7.63
5/9/2007,7.46
5/8/2007,7.5
5/7/2007,7.69
5/4/2007,7.82
5/3/2007,7.58
5/2/2007,7.64
5/1/2007,7.64
4/30/2007,7.71
4/27/2007,7.44
4/26/2007,7.56
4/25/2007,7.6
4/24/2007,7.57
4/23/2007,7.24
4/20/2007,7.32
4/19/2007,7.54
4/18/2007,7.54
4/17/2007,7.5
4/16/2007,7.66
4/13/2007,7.93
4/12/2007,7.95
4/11/2007,7.97
4/10/2007,7.65
4/9/2007,7.65
4/5/2007,7.53
4/4/2007,7.46
4/3/2007,7.57
4/2/2007,7.62
3/30/2007,7.5
3/29/2007,7.34
3/28/2007,7.47
3/27/2007,7.15
3/26/2007,7.15
3/23/2007,7.16
3/22/2007,7.07
3/21/2007,6.82
3/20/2007,6.81
3/19/2007,6.7
3/16/2007,6.84
3/15/2007,7.02
3/14/2007,6.86
3/13/2007,6.78
3/12/2007,6.81
3/9/2007,7.05
3/8/2007,7.14
3/7/2007,7.5
3/6/2007,7.55
3/5/2007,7.36
3/2/2007,7.22
3/1/2007,7.07
2/28/2007,7.23
2/27/2007,7.44
2/26/2007,7.73
2/23/2007,7.53
2/22/2007,7.47
2/21/2007,7.51
2/20/2007,7.34
2/16/2007,8.45
2/15/2007,8.91
2/14/2007,8.9
2/13/2007,8.09
2/12/2007,7.78
2/9/2007,8.16
2/8/2007,8.06
2/7/2007,7.9
2/6/2007,8.29
2/5/2007,9.14
2/2/2007,8.17
2/1/2007,7.93
1/31/2007,7.76
1/30/2007,7.32
1/29/2007,7.35
1/26/2007,6.95
1/25/2007,7.18
1/24/2007,7.58
1/23/2007,7.53
1/22/2007,7.2
1/19/2007,6.4
1/18/2007,6.29
1/17/2007,6.57
1/16/2007,6.82
1/12/2007,5.97
1/11/2007,6.09
1/10/2007,6.42
1/9/2007,6.15
1/8/2007,6.02
1/5/2007,5.52
1/4/2007,5.6
1/3/2007,5.47
1/2/2007,5.4
12/29/2006,5.5
12/28/2006,5.63
12/27/2006,5.54
12/26/2006,5.72
12/22/2006,5.88
12/21/2006,6.09
12/20/2006,6.43
12/19/2006,6.27
12/18/2006,6.62
12/15/2006,6.82
12/14/2006,7.26
12/13/2006,7.21
12/12/2006,6.93
12/11/2006,6.81
12/8/2006,7.45
12/7/2006,7.61
12/6/2006,7.32
12/5/2006,7.32
12/4/2006,7.84
12/1/2006,8.42
11/30/2006,8.32
11/29/2006,7.74
11/28/2006,7.61
11/27/2006,7.58
11/22/2006,7.42
11/21/2006,7.57
11/20/2006,7.79
11/17/2006,7.23
11/16/2006,7.59
11/15/2006,7.45
11/14/2006,7.42
11/13/2006,7.26
11/10/2006,7.16
11/9/2006,7.35
11/8/2006,7.39
11/7/2006,6.59
11/6/2006,6.72
11/3/2006,7.43
11/2/2006,7.32
11/1/2006,7.15
10/31/2006,6.64
10/30/2006,6.99
10/27/2006,7.41
10/26/2006,7.91
10/25/2006,7.2
10/24/2006,7.13
10/23/2006,7.29
10/20/2006,6.88
10/19/2006,6.77
10/18/2006,6.07
10/17/2006,6.26
10/16/2006,5.13
10/13/2006,4.3
10/12/2006,5.17
10/11/2006,5.66
10/10/2006,5.16
10/9/2006,5.06
10/6/2006,4.41
10/5/2006,4.69
10/4/2006,4.38
10/3/2006,4.01
10/2/2006,4.11
9/29/2006,3.66
9/28/2006,4.15
9/27/2006,4.35
9/26/2006,4.36
9/25/2006,4.31
9/22/2006,4.47
9/21/2006,4.65
9/20/2006,4.87
9/19/2006,4.99
9/18/2006,5.02
9/15/2006,4.4
9/14/2006,5.09
9/13/2006,5.4
9/12/2006,5.57
9/11/2006,5.29
9/8/2006,5.31
9/7/2006,5.64
9/6/2006,5.7
9/5/2006,5.45
9/1/2006,5.24
8/31/2006,5.8
8/30/2006,6.4
8/29/2006,6.24
8/28/2006,6.51
8/25/2006,7.48
8/24/2006,7.22
8/23/2006,7.19
8/22/2006,6.86
8/21/2006,6.72
8/18/2006,6.66
8/17/2006,6.73
8/16/2006,7.01
8/15/2006,6.9
8/14/2006,6.89
8/11/2006,7.56
8/10/2006,7.95
8/9/2006,7.6
8/8/2006,7.06
8/7/2006,6.97
8/4/2006,7.44
8/3/2006,7.61
8/2/2006,8.65
8/1/2006,8.66
7/31/2006,8.04
7/28/2006,7.24
7/27/2006,7.03
7/26/2006,6.71
7/25/2006,6.78
7/24/2006,6.33
7/21/2006,5.9
7/20/2006,6.14
7/19/2006,5.89
7/18/2006,6.02
7/17/2006,6.27
7/14/2006,6.28
7/13/2006,5.92
7/12/2006,5.66
7/11/2006,5.51
7/10/2006,5.32
7/7/2006,5.18
7/6/2006,5.28
7/5/2006,5.7
6/30/2006,5.84
6/29/2006,6.09
6/28/2006,6.04
6/27/2006,5.97
6/26/2006,5.89
6/23/2006,6.14
6/22/2006,6.51
6/21/2006,6.5
6/20/2006,6.62
6/19/2006,6.71
6/16/2006,7.03
6/15/2006,6.43
6/14/2006,6.08
6/13/2006,5.95
6/12/2006,6.02
6/9/2006,6.1
6/8/2006,5.84
6/7/2006,5.82
6/6/2006,6.16
6/5/2006,6.4
6/2/2006,6.23
6/1/2006,6.25
5/31/2006,5.97
5/30/2006,6.2
5/26/2006,5.78
5/25/2006,5.85
5/24/2006,6.01
5/23/2006,6.27
5/22/2006,5.91
5/19/2006,5.77
5/18/2006,5.79
5/17/2006,6.15
5/16/2006,5.99
5/15/2006,5.92
5/12/2006,6.35
5/11/2006,6.8
5/10/2006,6.5
5/9/2006,6.55
5/8/2006,6.54
5/5/2006,6.8
5/4/2006,6.47
5/3/2006,6.56
5/2/2006,6.68
5/1/2006,6.53
4/28/2006,6.64
4/27/2006,6.94
4/26/2006,7.17
4/25/2006,7.37
4/24/2006,7.73
4/21/2006,7.65
4/20/2006,7.95
4/19/2006,7.72
4/18/2006,7.6
4/17/2006,7.22
4/13/2006,6.64
4/12/2006,6.78
4/11/2006,6.99
4/10/2006,6.83
4/7/2006,6.81
4/6/2006,7.06
4/5/2006,6.89
4/4/2006,7.04
4/3/2006,7.08
3/31/2006,6.98
3/30/2006,7.19
3/29/2006,7.16
3/28/2006,7.15
3/27/2006,7.05
3/24/2006,7.43
3/23/2006,7.16
3/22/2006,7.06
3/21/2006,6.83
3/20/2006,7
3/17/2006,7.17
3/16/2006,7.12
3/15/2006,7.1
3/14/2006,7.15
3/13/2006,6.77
3/10/2006,6.4
3/9/2006,6.31
3/8/2006,6.47
3/7/2006,6.53
3/6/2006,6.5
3/3/2006,6.59
3/2/2006,6.69
3/1/2006,6.62
2/28/2006,6.69
2/27/2006,6.97
2/24/2006,7.39
2/23/2006,7.23
2/22/2006,7.55
2/21/2006,7.4
2/17/2006,7.39
2/16/2006,7.16
2/15/2006,7.31
2/14/2006,7.03
2/13/2006,7.36
2/10/2006,7.57
2/9/2006,7.55
2/8/2006,7.88
2/7/2006,7.74
2/6/2006,8.24
2/3/2006,8.01
2/2/2006,8.01
2/1/2006,8.71
1/31/2006,8.73
1/30/2006,8.36
1/27/2006,8.19
1/26/2006,7.86
1/25/2006,8.5
1/24/2006,8.27
1/23/2006,8.29
1/20/2006,8.8
1/19/2006,8.21
1/18/2006,8.86
1/17/2006,8.82
1/13/2006,8.5
1/12/2006,8.7
1/11/2006,8.55
1/10/2006,8.6
1/9/2006,8.79
1/6/2006,9.3
1/5/2006,9.24
1/4/2006,9.25
1/3/2006,9.9
12/30/2005,9.52
12/29/2005,10.07
12/28/2005,9.9
12/27/2005,10.22
12/23/2005,11.17
12/22/2005,13.03
12/21/2005,13.56
12/20/2005,13.79
12/19/2005,13.73
12/16/2005,13.36
12/15/2005,14.07
12/14/2005,14.81
12/13/2005,15.39
12/12/2005,14.82
12/9/2005,15.02
12/8/2005,14.25
12/7/2005,13.95
12/6/2005,13.57
12/5/2005,14.27
12/2/2005,12.95
12/1/2005,12.58
11/30/2005,11.73
11/29/2005,11.17
11/28/2005,11.01
11/23/2005,11.02
11/22/2005,11.15
11/21/2005,10.48
11/18/2005,10.01
11/17/2005,11.92
11/16/2005,11.03
11/15/2005,9.21
11/14/2005,9.15
11/11/2005,9.2
11/10/2005,9.66
11/9/2005,9.31
11/8/2005,9.15
11/7/2005,8.77
11/4/2005,9.67
11/3/2005,10.79
11/2/2005,10.85
11/1/2005,10.8
10/31/2005,12.18
10/28/2005,13.1
10/27/2005,13.9
10/26/2005,14.68
10/25/2005,13.9
10/24/2005,12.95
10/21/2005,12.73
10/20/2005,13.24
10/19/2005,13.52
10/18/2005,13.41
10/17/2005,13.89
10/14/2005,12.8
10/13/2005,13.48
10/12/2005,13.77
10/11/2005,13.67
10/10/2005,13.29
10/7/2005,13.67
9/22/2005,14.84
9/21/2005,14.26
9/20/2005,12.76
9/19/2005,11.99
9/16/2005,11.25
9/15/2005,11.24
9/14/2005,10.8
9/13/2005,10.71
9/12/2005,10.68
9/9/2005,11.03
9/8/2005,10.92
9/7/2005,11.03
9/6/2005,11.56
9/2/2005,11.75
9/1/2005,11.36
8/31/2005,12.69
8/30/2005,12.36
8/29/2005,9.86
8/26/2005,9.86
8/25/2005,9.77
8/24/2005,10.02
8/23/2005,9.96
8/22/2005,9.44
8/19/2005,9.09
8/18/2005,9.38
8/17/2005,9.99
8/16/2005,9.66
8/15/2005,9.53
8/12/2005,9.59
8/11/2005,9.29
8/10/2005,8.82
8/9/2005,8.7
8/8/2005,8.93
8/5/2005,8.6
8/4/2005,8.55
8/3/2005,8.75
8/2/2005,8.38
8/1/2005,8.03
7/29/2005,7.76
7/28/2005,7.69
7/27/2005,7.52
7/26/2005,7.45
7/25/2005,7.38
7/22/2005,7.41
7/21/2005,7.64
7/20/2005,7.75
7/19/2005,7.7
7/18/2005,7.77
7/15/2005,8.02
7/14/2005,7.99
7/13/2005,7.78
7/12/2005,7.79
7/11/2005,7.35
7/8/2005,7.87
7/7/2005,7.62
7/6/2005,7.69
7/5/2005,7.38
7/1/2005,7.01
6/30/2005,7.01
6/29/2005,7.08
6/28/2005,7.04
6/27/2005,7.29
6/24/2005,7.45
6/23/2005,7.51
6/22/2005,7.39
6/21/2005,7.46
6/20/2005,7.8
6/17/2005,7.61
6/16/2005,7.41
6/15/2005,7.39
6/14/2005,7.32
6/13/2005,7.08
6/10/2005,7.09
6/9/2005,7.05
6/8/2005,7.22
6/7/2005,7.13
6/6/2005,7.05
6/3/2005,6.65
6/2/2005,6.63
6/1/2005,6.36
5/31/2005,6.31
5/27/2005,6.22
5/26/2005,6.3
5/25/2005,6.33
5/24/2005,6.45
5/23/2005,6.33
5/20/2005,6.36
5/19/2005,6.39
5/18/2005,6.5
5/17/2005,6.41
5/16/2005,6.45
5/13/2005,6.47
5/12/2005,6.62
5/11/2005,6.63
5/10/2005,6.67
5/9/2005,6.56
5/6/2005,6.67
5/5/2005,6.65
5/4/2005,6.49
5/3/2005,6.61
5/2/2005,6.5
4/29/2005,6.64
4/28/2005,6.67
4/27/2005,7.1
4/26/2005,7.08
4/25/2005,7.27
4/22/2005,7.06
4/21/2005,6.93
4/20/2005,7.1
4/19/2005,6.95
4/18/2005,6.95
4/15/2005,6.95
4/14/2005,7.02
4/13/2005,7.07
4/12/2005,7.34
4/11/2005,7.17
4/8/2005,7.26
4/7/2005,7.5
4/6/2005,7.46
4/5/2005,7.44
4/4/2005,7.8
4/1/2005,7.57
3/31/2005,7.46
3/30/2005,7.18
3/29/2005,6.93
3/28/2005,6.94
3/24/2005,7.07
3/23/2005,7.11
3/22/2005,7.24
3/21/2005,7.16
3/18/2005,7.12
3/17/2005,7.25
3/16/2005,7.08
3/15/2005,7.16
3/14/2005,6.86
3/11/2005,6.73
3/10/2005,6.91
3/9/2005,6.99
3/8/2005,6.81
3/7/2005,6.66
3/4/2005,6.51
3/3/2005,6.71
3/2/2005,6.61
3/1/2005,6.63
2/28/2005,6.62
2/25/2005,6.24
2/24/2005,6.33
2/23/2005,6.02
2/22/2005,5.92
2/18/2005,5.88
2/17/2005,6.05
2/16/2005,6.1
2/15/2005,6.01
2/14/2005,5.95
2/11/2005,6.02
2/10/2005,6.21
2/9/2005,6.2
2/8/2005,5.95
2/7/2005,6.02
2/4/2005,6.12
2/3/2005,6.32
2/2/2005,6.38
2/1/2005,6.28
1/31/2005,6.14
1/28/2005,6.23
1/27/2005,6.5
1/26/2005,6.44
1/25/2005,6.44
1/24/2005,6.41
1/21/2005,6.43
1/20/2005,6.27
1/19/2005,6.19
1/18/2005,6.69
1/14/2005,6.45
1/13/2005,6.06
1/12/2005,5.89
1/11/2005,5.96
1/10/2005,6.21
1/7/2005,5.82
1/6/2005,5.79
1/5/2005,5.84
1/4/2005,5.71
1/3/2005,5.53
12/30/2004,6.02
12/29/2004,6.18
12/28/2004,6.27
12/27/2004,6.57
12/23/2004,6.98
12/22/2004,7.05
12/21/2004,6.83
12/20/2004,7.14
12/17/2004,7.26
12/16/2004,6.88
12/15/2004,7.04
12/14/2004,7.1
12/13/2004,6.89
12/10/2004,6.29
12/9/2004,6.04
12/8/2004,5.98
12/7/2004,6.03
12/6/2004,6.05
12/3/2004,6.04
12/2/2004,6.69
12/1/2004,6.78
11/30/2004,6.79
11/29/2004,6.76
11/24/2004,5.01
11/23/2004,5.24
11/22/2004,5.24
11/19/2004,4.81
11/18/2004,5.59
11/17/2004,6.06
11/16/2004,6.57
11/15/2004,6.02
11/12/2004,5.9
11/11/2004,6.19
11/10/2004,6.12
11/9/2004,5.79
11/8/2004,6.62
11/5/2004,6.08
11/4/2004,7.4
11/3/2004,7.25
11/2/2004,6.88
11/1/2004,6.98
10/29/2004,6.43
10/28/2004,6.8
10/27/2004,8.12
10/26/2004,7.78
10/25/2004,7.75
10/22/2004,7.11
10/21/2004,7.35
10/20/2004,7.27
10/19/2004,6.13
10/18/2004,5.64
10/15/2004,5.64
10/14/2004,5.76
10/13/2004,5.38
10/12/2004,5.63
10/11/2004,5.63
10/8/2004,5.59
10/7/2004,6.24
10/6/2004,6
10/5/2004,6.07
10/4/2004,5.72
10/1/2004,5.38
9/30/2004,6.36
9/29/2004,6.26
9/28/2004,5.45
9/27/2004,5.22
9/24/2004,5.41
9/23/2004,5.58
9/22/2004,5.58
9/21/2004,5.43
9/20/2004,5.22
9/17/2004,4.95
9/16/2004,4.82
9/15/2004,5.17
9/14/2004,5.15
9/13/2004,5.12
9/10/2004,4.57
9/9/2004,4.57
9/8/2004,4.69
9/7/2004,4.41
9/3/2004,4.32
9/2/2004,4.75
9/1/2004,5.02
8/31/2004,5.04
8/30/2004,5.05
8/27/2004,5.05
8/26/2004,5.19
8/25/2004,5.32
8/24/2004,5.23
8/23/2004,5.34
8/20/2004,5.39
8/19/2004,5.34
8/18/2004,5.36
8/17/2004,5.27
8/16/2004,5.34
8/13/2004,5.27
8/12/2004,5.46
8/11/2004,5.64
8/10/2004,5.78
8/9/2004,5.58
8/6/2004,5.42
8/5/2004,5.54
8/4/2004,5.7
8/3/2004,5.77
8/2/2004,5.86
7/30/2004,6.03
7/29/2004,5.93
7/28/2004,5.77
7/27/2004,5.87
7/26/2004,5.94
7/23/2004,5.98
7/22/2004,5.85
7/21/2004,5.9
7/20/2004,5.8
7/19/2004,5.75
7/16/2004,5.77
7/15/2004,5.92
7/14/2004,5.91
7/13/2004,5.85
7/12/2004,5.95
7/9/2004,5.89
7/8/2004,6.19
7/7/2004,6.27
7/6/2004,6.16
7/2/2004,5.88
7/1/2004,5.95
6/30/2004,6.03
6/29/2004,6.02
6/28/2004,6.13
6/25/2004,6.28
6/24/2004,6.41
6/23/2004,6.3
6/22/2004,6.29
6/21/2004,6.42
6/18/2004,6.48
6/17/2004,6.57
6/16/2004,6.38
6/15/2004,6.35
6/14/2004,6.15
6/10/2004,6
6/9/2004,6.04
6/8/2004,6.19
6/7/2004,6.09
6/4/2004,6.15
6/3/2004,6.44
6/2/2004,6.51
6/1/2004,6.45
5/28/2004,6.45
5/27/2004,6.51
5/26/2004,6.7
5/25/2004,6.73
5/24/2004,6.48
5/21/2004,6.35
5/20/2004,6.44
5/19/2004,6.18
5/18/2004,6.28
5/17/2004,6.41
5/14/2004,6.43
5/13/2004,6.42
5/12/2004,6.41
5/11/2004,6.24
5/10/2004,6.14
5/7/2004,6.18
5/6/2004,6.22
5/5/2004,6.09
5/4/2004,6.21
5/3/2004,5.8
4/30/2004,5.81
4/29/2004,5.78
4/28/2004,5.8
4/27/2004,5.81
4/26/2004,5.6
4/23/2004,5.53
4/22/2004,5.59
4/21/2004,5.52
4/20/2004,5.46
4/19/2004,5.57
4/16/2004,5.62
4/15/2004,5.68
4/14/2004,5.73
4/13/2004,5.92
4/12/2004,5.85
4/8/2004,5.84
4/7/2004,5.76
4/6/2004,5.7
4/5/2004,5.81
4/2/2004,5.69
4/1/2004,5.82
3/31/2004,5.63
3/30/2004,5.4
3/29/2004,5.25
3/26/2004,5.16
3/25/2004,5.22
3/24/2004,5.35
3/23/2004,5.36
3/22/2004,5.46
3/19/2004,5.49
3/18/2004,5.63
3/17/2004,5.61
3/16/2004,5.6
3/15/2004,5.59
3/12/2004,5.52
3/11/2004,5.33
3/10/2004,5.33
3/9/2004,5.34
3/8/2004,5.42
3/5/2004,5.32
3/4/2004,5.17
3/3/2004,5.34
3/2/2004,5.37
3/1/2004,5.17
2/27/2004,5.27
2/26/2004,5.13
2/25/2004,5.1
2/24/2004,5.08
2/23/2004,5.1
2/20/2004,5.19
2/19/2004,5.28
2/18/2004,5.33
2/17/2004,5.43
2/13/2004,5.62
2/12/2004,5.35
2/11/2004,5.34
2/10/2004,5.49
2/9/2004,5.44
2/6/2004,5.38
2/5/2004,5.54
2/4/2004,5.74
2/3/2004,5.69
2/2/2004,5.51
1/30/2004,5.8
1/29/2004,5.99
1/28/2004,6.04
1/27/2004,5.87
1/26/2004,5.7
1/23/2004,5.82
1/22/2004,6.03
1/21/2004,6.26
1/20/2004,6.15
1/16/2004,5.43
1/15/2004,6.02
1/14/2004,5.73
1/13/2004,6.26
1/12/2004,6.29
1/9/2004,6.91
1/8/2004,6.41
1/7/2004,6.61
1/6/2004,7.04
1/5/2004,6.28
12/31/2003,5.76
12/30/2003,5.96
12/29/2003,5.46
12/24/2003,5.5
12/23/2003,5.58
12/22/2003,6.32
12/19/2003,6.92
12/18/2003,6.98
12/17/2003,6.56
12/16/2003,6.58
12/15/2003,6.63
12/12/2003,6.73
12/11/2003,6.56
12/10/2003,6.67
12/9/2003,6.52
12/8/2003,6.06
12/5/2003,6.27
12/4/2003,5.7
12/3/2003,5.45
12/2/2003,5.45
12/1/2003,5.02
11/26/2003,4.86
11/25/2003,4.49
11/24/2003,4.57
11/21/2003,4.15
11/20/2003,4.35
11/19/2003,4.46
11/18/2003,4.35
11/17/2003,4.49
11/14/2003,4.62
11/13/2003,4.6
11/12/2003,4.77
11/11/2003,4.52
11/10/2003,4.42
11/7/2003,4.48
11/6/2003,4.74
11/5/2003,4.46
11/4/2003,4.01
11/3/2003,4.12
10/31/2003,3.98
10/30/2003,4.4
10/29/2003,4.51
10/28/2003,4.45
10/27/2003,4.56
10/24/2003,4.78
10/23/2003,4.9
10/22/2003,4.89
10/21/2003,4.64
10/20/2003,4.3
10/17/2003,4.53
10/16/2003,4.92
10/15/2003,4.93
10/14/2003,4.84
10/13/2003,4.96
10/10/2003,4.92
10/9/2003,4.78
10/8/2003,4.84
10/7/2003,4.66
10/6/2003,4.4
10/3/2003,4.34
10/2/2003,4.42
10/1/2003,4.47
9/30/2003,4.66
9/29/2003,4.57
9/26/2003,4.42
9/25/2003,4.55
9/24/2003,4.58
9/23/2003,4.51
9/22/2003,4.38
9/19/2003,4.33
9/18/2003,4.52
9/17/2003,4.61
9/16/2003,4.67
9/15/2003,4.66
9/12/2003,4.66
9/11/2003,4.85
9/10/2003,4.78
9/9/2003,4.7
9/8/2003,4.82
9/5/2003,4.76
9/4/2003,4.7
9/3/2003,4.68
9/2/2003,4.62
8/29/2003,4.86
8/28/2003,4.94
8/27/2003,5.11
8/26/2003,5.09
8/25/2003,5.26
8/22/2003,5.24
8/21/2003,5.14
8/20/2003,5.03
8/19/2003,4.99
8/18/2003,4.94
8/15/2003,4.83
8/14/2003,5.1
8/13/2003,5.17
8/12/2003,5.06
8/11/2003,5.08
8/8/2003,5.02
8/7/2003,4.85
8/6/2003,4.74
8/5/2003,4.71
8/4/2003,4.81
8/1/2003,4.71
7/31/2003,4.63
7/30/2003,4.68
7/29/2003,4.72
7/28/2003,4.68
7/25/2003,4.68
7/24/2003,4.86
7/23/2003,4.88
7/22/2003,5.04
7/21/2003,5.11
7/18/2003,5.01
7/17/2003,4.96
7/16/2003,5
7/15/2003,5.17
7/14/2003,5.15
7/11/2003,5.22
7/10/2003,5.4
7/9/2003,5.56
7/8/2003,5.4
7/7/2003,5.2
7/3/2003,4.96
7/2/2003,5.05
7/1/2003,5.22
6/30/2003,5.31
6/27/2003,5.19
6/26/2003,5.49
6/25/2003,5.64
6/24/2003,5.84
6/23/2003,5.89
6/20/2003,5.68
6/19/2003,5.53
6/18/2003,5.53
6/17/2003,5.66
6/16/2003,5.45
6/13/2003,5.44
6/12/2003,5.86
6/11/2003,6.06
6/10/2003,6.08
6/9/2003,6.25
6/6/2003,6.25
6/5/2003,6.17
6/4/2003,6.4
6/3/2003,6.25
6/2/2003,6.22
5/30/2003,5.99
5/29/2003,5.76
5/28/2003,5.71
5/27/2003,5.84
5/23/2003,5.92
5/22/2003,6.09
5/21/2003,6.08
5/20/2003,5.93
5/19/2003,6.08
5/16/2003,5.96
5/15/2003,6.24
5/14/2003,6.17
5/13/2003,5.98
5/12/2003,5.91
5/9/2003,5.73
5/8/2003,5.65
5/7/2003,5.49
5/6/2003,5.64
5/5/2003,5.36
5/2/2003,5.24
5/1/2003,5.32
4/30/2003,5.25
4/29/2003,5.12
4/28/2003,5.3
4/25/2003,5.39
4/24/2003,5.46
4/23/2003,5.58
4/22/2003,5.58
4/21/2003,5.55
4/17/2003,5.54
4/16/2003,5.62
4/15/2003,5.53
4/14/2003,5.29
4/11/2003,5.28
4/10/2003,5.18
4/9/2003,5.11
4/8/2003,5.21
4/7/2003,4.98
4/4/2003,4.86
4/3/2003,4.91
4/2/2003,4.89
4/1/2003,4.9
3/31/2003,5.01
3/28/2003,5.06
3/27/2003,4.87
3/26/2003,4.9
3/25/2003,5.07
3/24/2003,5.07
3/21/2003,5.05
3/20/2003,5.2
3/19/2003,5.2
3/18/2003,5.13
3/17/2003,5.32
3/14/2003,5.17
3/13/2003,5.71
3/12/2003,5.8
3/11/2003,6.25
3/10/2003,6.78
3/7/2003,7.42
3/6/2003,7.57
3/5/2003,7.8
3/4/2003,7.71
3/3/2003,8.51
2/28/2003,10.81
2/27/2003,8.42
2/26/2003,10.47
2/25/2003,18.48
2/24/2003,11.98
2/21/2003,6.73
2/20/2003,6.38
2/19/2003,6.1
2/18/2003,6.09
2/14/2003,5.88
2/13/2003,5.81
2/12/2003,6.19
2/11/2003,6.19
2/10/2003,6.35
2/7/2003,6.3
2/6/2003,6.08
2/5/2003,6.22
2/4/2003,6.26
2/3/2003,5.71
1/31/2003,5.58
1/30/2003,5.76
1/29/2003,5.61
1/28/2003,5.52
1/27/2003,5.91
1/24/2003,5.91
1/23/2003,6.55
1/22/2003,5.72
1/21/2003,5.47
1/17/2003,5.66
1/16/2003,5.5
1/15/2003,5.21
1/14/2003,5.25
1/13/2003,5.23
1/10/2003,5.19
1/9/2003,5.05
1/8/2003,5.07
1/7/2003,4.89
1/6/2003,4.94
1/3/2003,5.13
1/2/2003,4.93
12/31/2002,4.59
12/30/2002,4.74
12/27/2002,4.81
12/26/2002,4.98
12/24/2002,5.03
12/23/2002,5.03
12/20/2002,5.05
12/19/2002,5.14
12/18/2002,4.98
12/17/2002,5.13
12/16/2002,5.31
12/13/2002,5.05
12/12/2002,4.81
12/11/2002,4.63
12/10/2002,4.4
12/9/2002,4.32
12/6/2002,4.39
12/5/2002,4.35
12/4/2002,4.24
12/3/2002,4.35
12/2/2002,4.23
11/27/2002,4.19
11/26/2002,4.23
11/25/2002,4.34
11/22/2002,4.32
11/21/2002,4.24
11/20/2002,4.27
11/19/2002,4.25
11/18/2002,4.18
11/15/2002,3.92
11/14/2002,3.9
11/13/2002,3.83
11/12/2002,3.83
11/11/2002,3.83
11/8/2002,3.76
11/7/2002,3.9
11/6/2002,3.92
11/5/2002,3.9
11/4/2002,3.94
11/1/2002,4.07
10/31/2002,4.39
10/30/2002,4.34
10/29/2002,4.2
10/28/2002,4.16
10/25/2002,4.12
10/24/2002,4.3
10/23/2002,4.24
10/22/2002,4.2
10/21/2002,4.23
10/18/2002,4.11
10/17/2002,4.1
10/16/2002,4.1
10/15/2002,4.19
10/14/2002,4.19
10/11/2002,3.8
10/10/2002,3.93
10/9/2002,3.91
10/8/2002,3.86
10/7/2002,3.77
10/4/2002,3.86
10/3/2002,4.23
10/2/2002,4.27
10/1/2002,4.41
9/30/2002,4.09
9/27/2002,3.76
9/26/2002,3.61
9/25/2002,3.76
9/24/2002,4
9/23/2002,3.87
9/20/2002,3.95
9/19/2002,3.9
9/18/2002,3.8
9/17/2002,3.46
9/16/2002,3.45
9/13/2002,3.37
9/12/2002,3.22
9/11/2002,3.33
9/10/2002,3.35
9/9/2002,3.24
9/6/2002,3.39
9/5/2002,3.2
9/4/2002,3.13
9/3/2002,3.1
8/30/2002,3.12
8/29/2002,3.25
8/28/2002,3.31
8/27/2002,3.47
8/26/2002,3.51
8/23/2002,3.48
8/22/2002,3.36
8/21/2002,3.22
8/20/2002,3.25
8/19/2002,3.1
8/16/2002,3.1
8/15/2002,2.92
8/14/2002,3.03
8/13/2002,3.01
8/12/2002,2.91
8/9/2002,2.83
8/8/2002,2.75
8/7/2002,2.73
8/6/2002,2.8
8/5/2002,2.81
8/2/2002,2.9
8/1/2002,3.07
7/31/2002,3.02
7/30/2002,2.97
7/29/2002,3.07
7/26/2002,2.94
7/25/2002,3.05
7/24/2002,2.91
7/23/2002,2.95
7/22/2002,3.01
7/19/2002,2.95
7/18/2002,2.85
7/17/2002,2.97
7/16/2002,2.89
7/15/2002,2.83
7/12/2002,2.87
7/11/2002,2.85
7/10/2002,3.04
7/9/2002,2.97
7/8/2002,3.06
7/3/2002,3.08
7/2/2002,3.17
7/1/2002,3.28
6/28/2002,3.2
6/27/2002,3.22
6/26/2002,3.92
6/25/2002,3.49
6/24/2002,3.33
6/21/2002,3.18
6/20/2002,3.33
6/19/2002,3.24
6/18/2002,3.23
6/17/2002,3.34
6/14/2002,3.13
6/13/2002,3.04
6/12/2002,3.15
6/11/2002,3.11
6/10/2002,3.14
6/7/2002,3.11
6/6/2002,3.29
6/5/2002,3.29
6/4/2002,3.31
6/3/2002,3.18
5/31/2002,3.15
5/30/2002,3.33
5/29/2002,3.3
5/28/2002,3.18
5/24/2002,3.21
5/23/2002,3.38
5/22/2002,3.39
5/21/2002,3.33
5/20/2002,3.44
5/17/2002,3.41
5/16/2002,3.45
5/15/2002,3.6
5/14/2002,3.75
5/13/2002,3.62
5/10/2002,3.7
5/9/2002,3.72
5/8/2002,3.74
5/7/2002,3.5
5/6/2002,3.61
5/3/2002,3.71
5/2/2002,3.65
5/1/2002,3.79
4/30/2002,3.65
4/29/2002,3.44
4/26/2002,3.32
4/25/2002,3.46
4/24/2002,3.53
4/23/2002,3.63
4/22/2002,3.58
4/19/2002,3.4
4/18/2002,3.5
4/17/2002,3.4
4/16/2002,3.44
4/15/2002,3.27
4/12/2002,3.07
4/11/2002,3.14
4/10/2002,3.25
4/9/2002,3.25
4/8/2002,3.36
4/5/2002,3.31
4/4/2002,3.56
4/3/2002,3.68
4/2/2002,3.72
4/1/2002,3.43
3/28/2002,3.18
3/27/2002,3.35
3/26/2002,3.59
3/25/2002,3.46
3/22/2002,3.57
3/21/2002,3.2
3/20/2002,3.29
3/19/2002,3.33
3/18/2002,3.15
3/15/2002,2.99
3/14/2002,2.78
3/13/2002,2.97
3/12/2002,2.94
3/11/2002,2.9
3/8/2002,2.82
3/7/2002,2.73
3/6/2002,2.52
3/5/2002,2.63
3/4/2002,2.66
3/1/2002,2.51
2/28/2002,2.49
2/27/2002,2.49
2/26/2002,2.46
2/25/2002,2.4
2/22/2002,2.4
2/21/2002,2.4
2/20/2002,2.41
2/19/2002,2.32
2/15/2002,2.18
2/14/2002,2.26
2/13/2002,2.37
2/12/2002,2.39
2/11/2002,2.22
2/8/2002,2.21
2/7/2002,2.17
2/6/2002,2.14
2/5/2002,2.28
2/4/2002,2.28
2/1/2002,2.28
1/31/2002,2.28
1/30/2002,2.28
1/29/2002,2.03
1/28/2002,2.03
1/25/2002,2.03
1/24/2002,2.13
1/23/2002,2.28
1/22/2002,2.28
1/18/2002,2.28
1/17/2002,2.4
1/16/2002,2.38
1/15/2002,2.32
1/14/2002,2.32
1/11/2002,2.32
1/10/2002,2.32
1/9/2002,2.31
1/8/2002,2.39
1/7/2002,2.58
1/4/2002,2.58
1/3/2002,2.58
1/2/2002,2.55
12/31/2001,2.4
12/28/2001,2.4
12/27/2001,2.4
12/26/2001,2.4
12/21/2001,2.4
12/20/2001,2.4
12/19/2001,2.4
12/18/2001,2.4
12/17/2001,2.4
12/14/2001,2.4
12/13/2001,2.4
12/12/2001,2.57
12/11/2001,2.58
12/10/2001,2.28
12/7/2001,2.11
12/6/2001,1.81
12/5/2001,1.89
12/4/2001,2
12/3/2001,2.1
11/30/2001,1.83
11/29/2001,2.19
11/28/2001,2.3
11/27/2001,1.87
11/26/2001,1.79
11/21/2001,1.91
11/20/2001,2.55
11/19/2001,2.08
11/16/2001,1.69
11/15/2001,1.99
11/14/2001,2.29
11/13/2001,2.38
11/12/2001,2.45
11/9/2001,2.61
11/8/2001,2.68
11/7/2001,2.73
11/6/2001,2.72
11/5/2001,2.87
11/2/2001,2.93
11/1/2001,2.99
10/31/2001,3.07
10/30/2001,3.11
10/29/2001,3.21
10/26/2001,3.06
10/25/2001,3.15
10/24/2001,2.67
10/23/2001,2.82
10/22/2001,2.61
10/19/2001,2.31
10/18/2001,2.39
10/17/2001,2.61
10/16/2001,2.51
10/15/2001,2.26
10/12/2001,2.28
10/11/2001,2.41
10/10/2001,2.22
10/9/2001,2.11
10/8/2001,2.02
10/5/2001,2.11
10/4/2001,2.13
10/3/2001,1.97
10/2/2001,1.83
10/1/2001,1.74
9/28/2001,1.8
9/27/2001,1.9
9/26/2001,1.88
9/25/2001,1.94
9/24/2001,1.99
9/21/2001,2.04
9/20/2001,2.06
9/19/2001,2.13
9/18/2001,2.18
9/17/2001,2.36
9/14/2001,2.41
9/13/2001,2.39
9/12/2001,2.44
9/11/2001,2.38
9/10/2001,2.38
9/7/2001,2.36
9/6/2001,2.43
9/5/2001,2.34
9/4/2001,2.23
8/31/2001,2.15
8/30/2001,2.47
8/29/2001,2.46
8/28/2001,2.57
8/27/2001,2.61
8/24/2001,2.77
8/23/2001,2.87
8/22/2001,3.2
8/21/2001,3.18
8/20/2001,3.17
8/17/2001,3.24
8/16/2001,3.46
8/15/2001,3.15
8/14/2001,3.05
8/13/2001,3
8/10/2001,2.99
8/9/2001,3.1
8/8/2001,3.11
8/7/2001,3.16
8/6/2001,3.07
8/3/2001,3.06
8/2/2001,3.15
8/1/2001,3.27
7/31/2001,3.31
7/30/2001,3.28
7/27/2001,3.06
7/26/2001,3.26
7/25/2001,3.06
7/24/2001,3
7/23/2001,3.02
7/20/2001,2.97
7/19/2001,3.01
7/18/2001,3.15
7/17/2001,3.14
7/16/2001,3.08
7/13/2001,3.15
7/12/2001,3.29
7/11/2001,3.21
7/10/2001,3.2
7/9/2001,3.1
7/6/2001,2.99
7/5/2001,3.09
7/3/2001,3
7/2/2001,2.92
6/29/2001,2.91
6/28/2001,3.2
6/27/2001,3.39
6/26/2001,3.46
6/25/2001,3.56
6/22/2001,3.68
6/21/2001,3.69
6/20/2001,3.83
6/19/2001,3.96
6/18/2001,3.91
6/15/2001,3.86
6/14/2001,3.92
6/13/2001,4.13
6/12/2001,4.05
6/11/2001,3.91
6/8/2001,3.62
6/7/2001,3.68
6/6/2001,3.76
6/5/2001,3.93
6/4/2001,3.98
6/1/2001,3.7
5/31/2001,3.73
5/30/2001,3.66
5/29/2001,3.86
5/25/2001,3.83
5/24/2001,4.12
5/23/2001,4.11
5/22/2001,4.04
5/21/2001,4.14
5/18/2001,4.15
5/17/2001,4.2
5/16/2001,4.46
5/15/2001,4.46
5/14/2001,4.28
5/11/2001,4.25
5/10/2001,4.17
5/9/2001,4.15
5/8/2001,4.22
5/7/2001,4.33
5/4/2001,4.5
5/3/2001,4.46
5/2/2001,4.54
5/1/2001,4.55
4/30/2001,4.73
4/27/2001,4.83
4/26/2001,4.92
4/25/2001,4.98
4/24/2001,5.13
4/23/2001,5.09
4/20/2001,5
4/19/2001,5.06
4/18/2001,5.15
4/17/2001,5.36
4/16/2001,5.48
4/12/2001,5.32
4/11/2001,5.45
4/10/2001,5.55
4/9/2001,5.45
4/6/2001,5.33
4/5/2001,5.27
4/4/2001,5.24
4/3/2001,5.25
4/2/2001,5.25
3/30/2001,5.35
3/29/2001,5.31
3/28/2001,5.6
3/27/2001,5.47
3/26/2001,5.23
3/23/2001,5.16
3/22/2001,5.16
3/21/2001,5.16
3/20/2001,5.27
3/19/2001,5.27
3/16/2001,5.27
3/15/2001,5.27
3/14/2001,4.99
3/13/2001,5.08
3/12/2001,4.98
3/9/2001,5.13
3/8/2001,5.25
3/7/2001,5.22
3/6/2001,5.27
3/5/2001,5.32
3/2/2001,5.06
3/1/2001,5.25
2/28/2001,5.25
2/27/2001,5.07
2/26/2001,5.07
2/23/2001,5.05
2/22/2001,5.11
2/21/2001,5.2
2/20/2001,5.17
2/16/2001,5.57
2/15/2001,5.35
2/14/2001,5.89
2/13/2001,5.58
2/12/2001,5.74
2/9/2001,6.24
2/8/2001,6.24
2/7/2001,5.67
2/6/2001,5.59
2/5/2001,6.15
2/2/2001,6.76
2/1/2001,5.82
1/31/2001,5.83
1/30/2001,5.96
1/29/2001,6.76
1/26/2001,7
1/25/2001,6.81
1/24/2001,6.81
1/23/2001,7.02
1/22/2001,7.7
1/19/2001,7.61
1/18/2001,7.09
1/17/2001,7.85
1/16/2001,8.16
1/12/2001,8.75
1/11/2001,8.95
1/10/2001,9.91
1/9/2001,9.95
1/8/2001,10.31
1/5/2001,10.03
1/4/2001,9.45
1/3/2001,9.71
1/2/2001,9.97
12/29/2000,10.48
12/28/2000,9.22
12/27/2000,9.58
12/26/2000,10.23
12/22/2000,10.48
12/21/2000,10.49
12/20/2000,9.95
12/19/2000,9.11
12/18/2000,9.28
12/15/2000,8.03
12/14/2000,7.48
12/13/2000,7.8
12/12/2000,8.58
12/11/2000,9.96
12/8/2000,8.13
12/7/2000,8.48
12/6/2000,8.75
12/5/2000,8.03
12/4/2000,7.41
12/1/2000,6.53
11/30/2000,6.31
11/29/2000,5.93
11/28/2000,5.9
11/27/2000,6.24
11/22/2000,6.3
11/21/2000,6.35
11/20/2000,6.23
11/17/2000,5.62
11/16/2000,5.94
11/15/2000,5.95
11/14/2000,5.81
11/13/2000,5.59
11/10/2000,5.24
11/9/2000,5.34
11/8/2000,4.92
11/7/2000,4.68
11/6/2000,4.6
11/3/2000,4.64
11/2/2000,4.5
11/1/2000,4.4
10/31/2000,4.37
10/30/2000,4.56
10/27/2000,4.48
10/26/2000,4.61
10/25/2000,4.64
10/24/2000,4.84
10/23/2000,4.82
10/20/2000,4.84
10/19/2000,5.04
10/18/2000,5.36
10/17/2000,5.27
10/16/2000,5.34
10/13/2000,5.43
10/12/2000,5.54
10/11/2000,5.1
10/10/2000,5.16
10/9/2000,5.09
10/6/2000,5.04
10/5/2000,5.21
10/4/2000,5.22
10/3/2000,5.29
10/2/2000,5.24
9/29/2000,5.1
9/28/2000,5.2
9/27/2000,5.34
9/26/2000,5.28
9/25/2000,5.12
9/22/2000,5.16
9/21/2000,5.16
9/20/2000,5.24
9/19/2000,5.22
9/18/2000,5.06
9/15/2000,5.28
9/14/2000,5.1
9/13/2000,5.06
9/12/2000,4.96
9/11/2000,4.85
9/8/2000,4.74
9/7/2000,4.85
9/6/2000,4.89
9/5/2000,4.81
9/1/2000,4.7
8/31/2000,4.76
8/30/2000,4.61
8/29/2000,4.6
8/28/2000,4.62
8/25/2000,4.55
8/24/2000,4.53
8/23/2000,4.67
8/22/2000,4.8
8/21/2000,4.6
8/18/2000,4.38
8/17/2000,4.35
8/16/2000,4.24
8/15/2000,4.24
8/14/2000,4.42
8/11/2000,4.44
8/10/2000,4.43
8/9/2000,4.48
8/8/2000,4.46
8/7/2000,4.39
8/4/2000,4.25
8/3/2000,4.23
8/2/2000,4.05
8/1/2000,3.78
7/31/2000,3.75
7/28/2000,3.89
7/27/2000,3.75
7/26/2000,3.59
7/25/2000,3.63
7/24/2000,3.74
7/21/2000,3.88
7/20/2000,3.86
7/19/2000,4.07
7/18/2000,3.99
7/17/2000,4.13
7/14/2000,4.17
7/13/2000,4.08
7/12/2000,4.29
7/11/2000,4.17
7/10/2000,4.19
7/7/2000,4
7/6/2000,4.02
7/5/2000,4.24
7/3/2000,4.36
6/30/2000,4.36
6/29/2000,4.25
6/28/2000,4.44
6/27/2000,4.55
6/26/2000,4.37
6/23/2000,4.42
6/22/2000,4.44
6/21/2000,4.14
6/20/2000,4.02
6/19/2000,4.38
6/16/2000,4.45
6/15/2000,4.38
6/14/2000,4.16
6/13/2000,4.27
6/12/2000,4.22
6/9/2000,4.14
6/8/2000,3.96
6/7/2000,4.23
6/6/2000,4.48
6/5/2000,4.17
6/2/2000,4.21
6/1/2000,4.39
5/31/2000,4.52
5/30/2000,4.35
5/26/2000,4.29
5/25/2000,4.18
5/24/2000,3.94
5/23/2000,3.85
5/22/2000,3.95
5/19/2000,3.76
5/18/2000,3.73
5/17/2000,3.49
5/16/2000,3.45
5/15/2000,3.37
5/12/2000,3.35
5/11/2000,3.37
5/10/2000,3.2
5/9/2000,3.25
5/8/2000,3.12
5/5/2000,3.11
5/4/2000,3.09
5/3/2000,3.18
5/2/2000,3.2
5/1/2000,3.16
4/28/2000,3.09
4/27/2000,3.06
4/26/2000,3.12
4/25/2000,3.18
4/24/2000,3.12
4/20/2000,3.07
4/19/2000,3.12
4/18/2000,3.12
4/17/2000,3.13
4/14/2000,3.11
4/13/2000,3.05
4/12/2000,3.05
4/11/2000,2.98
4/10/2000,2.97
4/7/2000,2.99
4/6/2000,2.98
4/5/2000,2.86
4/4/2000,2.87
4/3/2000,2.92
3/31/2000,2.88
3/30/2000,2.83
3/29/2000,2.92
3/28/2000,2.94
3/27/2000,2.82
3/24/2000,2.82
3/23/2000,2.76
3/22/2000,2.78
3/21/2000,2.74
3/20/2000,2.73
3/17/2000,2.81
3/16/2000,2.84
3/15/2000,2.76
3/14/2000,2.83
3/13/2000,2.79
3/9/2000,2.69
3/8/2000,2.74
3/7/2000,2.78
3/6/2000,2.76
3/3/2000,2.72
3/2/2000,2.8
3/1/2000,2.71
2/29/2000,2.65
2/28/2000,2.6
2/25/2000,2.51
2/24/2000,2.52
2/23/2000,2.5
2/22/2000,2.55
2/18/2000,2.65
2/17/2000,2.66
2/16/2000,2.65
2/15/2000,2.61
2/14/2000,2.61
2/11/2000,2.65
2/10/2000,2.65
2/9/2000,2.62
2/8/2000,2.6
2/7/2000,2.81
2/4/2000,2.78
2/3/2000,2.85
2/2/2000,2.91
2/1/2000,2.81
1/31/2000,2.69
1/28/2000,2.84
1/27/2000,2.76
1/26/2000,2.73
1/25/2000,2.66
1/24/2000,2.55
1/21/2000,2.55
1/20/2000,2.53
1/19/2000,2.4
1/18/2000,2.35
1/14/2000,2.28
1/13/2000,2.29
1/12/2000,2.25
1/11/2000,2.23
1/10/2000,2.2
1/7/2000,2.19
1/6/2000,2.18
1/5/2000,2.17
1/4/2000,2.16
12/30/1999,2.3
12/29/1999,2.34
12/28/1999,2.32
12/27/1999,2.36
12/23/1999,2.42
12/22/1999,2.45
12/21/1999,2.59
12/20/1999,2.67
12/17/1999,2.55
12/16/1999,2.52
12/15/1999,2.54
12/14/1999,2.49
12/13/1999,2.35
12/10/1999,2.27
12/9/1999,2.2
12/8/1999,2.23
12/7/1999,2.16
12/6/1999,2.19
12/3/1999,2.16
12/2/1999,2.18
12/1/1999,2.17
11/30/1999,2.22
11/29/1999,2.25
11/24/1999,1.96
11/23/1999,1.99
11/22/1999,2.05
11/19/1999,2.16
11/18/1999,2.22
11/17/1999,2.24
11/16/1999,2.23
11/15/1999,2.33
11/12/1999,2.16
11/11/1999,2.38
11/10/1999,2.39
11/9/1999,2.44
11/8/1999,2.59
11/5/1999,2.62
11/4/1999,2.75
11/3/1999,2.82
11/2/1999,2.81
11/1/1999,2.73
10/29/1999,2.76
10/28/1999,2.97
10/27/1999,3.02
10/26/1999,2.96
10/25/1999,2.98
10/22/1999,3
10/21/1999,2.99
10/20/1999,2.9
10/19/1999,2.89
10/18/1999,2.82
10/15/1999,2.66
10/14/1999,2.7
10/13/1999,2.81
10/12/1999,2.65
10/11/1999,2.53
10/8/1999,2.35
10/7/1999,2.49
10/6/1999,2.48
10/5/1999,2.45
10/4/1999,2.49
10/1/1999,2.39
9/30/1999,2.31
9/29/1999,2.57
9/28/1999,2.52
9/27/1999,2.51
9/24/1999,2.54
9/23/1999,2.45
9/22/1999,2.3
9/21/1999,2.33
9/20/1999,2.49
9/17/1999,2.45
9/16/1999,2.47
9/15/1999,2.52
9/14/1999,2.66
9/13/1999,2.8
9/10/1999,2.84
9/9/1999,2.75
9/8/1999,2.66
9/7/1999,2.56
9/3/1999,2.47
9/2/1999,2.56
9/1/1999,2.71
8/31/1999,2.84
8/30/1999,2.85
8/27/1999,2.87
8/26/1999,2.97
8/25/1999,3.1
8/24/1999,3.01
8/23/1999,2.95
8/20/1999,2.97
8/19/1999,2.87
8/18/1999,2.75
8/17/1999,2.7
8/16/1999,2.73
8/13/1999,2.71
8/12/1999,2.73
8/11/1999,2.79
8/10/1999,2.77
8/9/1999,2.73
8/6/1999,2.69
8/5/1999,2.69
8/4/1999,2.64
8/3/1999,2.61
8/2/1999,2.51
7/30/1999,2.55
7/29/1999,2.67
7/28/1999,2.58
7/27/1999,2.55
7/26/1999,2.55
7/23/1999,2.42
7/22/1999,2.32
7/21/1999,2.25
7/20/1999,2.24
7/19/1999,2.2
7/16/1999,2.18
7/15/1999,2.12
7/14/1999,2.16
7/13/1999,2.14
7/12/1999,2.12
7/9/1999,2.17
7/8/1999,2.19
7/7/1999,2.2
7/6/1999,2.29
7/2/1999,2.26
7/1/1999,2.29
6/30/1999,2.34
6/29/1999,2.33
6/28/1999,2.25
6/25/1999,2.27
6/24/1999,2.26
6/23/1999,2.25
6/22/1999,2.23
6/21/1999,2.22
6/18/1999,2.24
6/17/1999,2.24
6/16/1999,2.28
6/15/1999,2.28
6/14/1999,2.29
6/11/1999,2.3
6/10/1999,2.37
6/9/1999,2.39
6/8/1999,2.38
6/7/1999,2.41
6/4/1999,2.31
6/3/1999,2.35
6/2/1999,2.36
6/1/1999,2.34
5/28/1999,2.29
5/27/1999,2.27
5/26/1999,2.22
5/25/1999,2.18
5/24/1999,2.19
5/21/1999,2.21
5/20/1999,2.26
5/19/1999,2.27
5/18/1999,2.3
5/17/1999,2.31
5/14/1999,2.28
5/13/1999,2.21
5/12/1999,2.19
5/11/1999,2.29
5/10/1999,2.25
5/7/1999,2.25
5/6/1999,2.32
5/5/1999,2.36
5/4/1999,2.32
5/3/1999,2.23
4/30/1999,2.25
4/29/1999,2.37
4/28/1999,2.31
4/27/1999,2.32
4/26/1999,2.23
4/23/1999,2.23
4/22/1999,2.24
4/21/1999,2.17
4/20/1999,2.18
4/19/1999,2.1
4/16/1999,2.14
4/15/1999,2.14
4/14/1999,2.11
4/13/1999,2.14
4/12/1999,2.06
4/9/1999,2.1
4/8/1999,2.07
4/7/1999,2.03
4/6/1999,1.98
4/5/1999,2.03
4/1/1999,1.95
3/31/1999,2.02
3/30/1999,1.89
3/29/1999,1.8
3/26/1999,1.83
3/25/1999,1.8
3/24/1999,1.79
3/23/1999,1.8
3/22/1999,1.74
3/19/1999,1.73
3/18/1999,1.75
3/17/1999,1.75
3/16/1999,1.75
3/15/1999,1.75
3/12/1999,1.81
3/11/1999,1.87
3/10/1999,1.94
3/9/1999,1.86
3/8/1999,1.87
3/5/1999,1.74
3/4/1999,1.72
3/3/1999,1.68
3/2/1999,1.67
3/1/1999,1.65
2/26/1999,1.63
2/25/1999,1.64
2/24/1999,1.73
2/23/1999,1.75
2/22/1999,1.77
2/19/1999,1.79
2/18/1999,1.8
2/17/1999,1.79
2/16/1999,1.79
2/12/1999,1.82
2/11/1999,1.78
2/10/1999,1.8
2/9/1999,1.82
2/8/1999,1.81
2/5/1999,1.81
2/4/1999,1.79
2/3/1999,1.8
2/2/1999,1.78
2/1/1999,1.75
1/29/1999,1.83
1/28/1999,1.75
1/27/1999,1.75
1/26/1999,1.73
1/25/1999,1.76
1/22/1999,1.82
1/21/1999,1.85
1/20/1999,1.81
1/19/1999,1.77
1/15/1999,1.78
1/14/1999,1.77
1/13/1999,1.87
1/12/1999,1.82
1/11/1999,1.83
1/8/1999,1.9
1/7/1999,1.91
1/6/1999,2.04
1/5/1999,2.05
1/4/1999,2.1
12/31/1998,1.95
12/30/1998,1.81
12/29/1998,1.82
12/28/1998,1.79
12/24/1998,1.89
12/23/1998,1.88
12/22/1998,1.96
12/21/1998,2.05
12/18/1998,2.02
12/17/1998,2.02
12/16/1998,1.95
12/15/1998,1.86
12/14/1998,1.8
12/11/1998,1.55
12/10/1998,1.59
12/9/1998,1.64
12/8/1998,1.79
12/7/1998,1.44
12/4/1998,1.05
12/3/1998,1.21
12/2/1998,1.4
12/1/1998,1.41
11/30/1998,1.63
11/25/1998,2.13
11/24/1998,2.08
11/23/1998,2.02
11/20/1998,2.07
11/19/1998,2.1
11/18/1998,2.1
11/17/1998,2.12
11/16/1998,2.19
11/13/1998,2.21
11/12/1998,2.21
11/11/1998,2.33
11/10/1998,2.3
11/9/1998,2.28
11/6/1998,2.25
11/5/1998,2.26
11/4/1998,2.11
11/3/1998,2.1
11/2/1998,1.84
10/30/1998,2
10/29/1998,2
10/28/1998,1.7
10/27/1998,1.85
10/26/1998,1.92
10/23/1998,1.84
10/22/1998,1.95
10/21/1998,2.04
10/20/1998,1.95
10/19/1998,1.74
10/16/1998,1.64
10/15/1998,1.75
10/14/1998,1.8
10/13/1998,1.7
10/12/1998,1.75
10/9/1998,1.8
10/8/1998,2.02
10/7/1998,2.05
10/6/1998,2.01
10/5/1998,2.09
10/2/1998,2.14
10/1/1998,2.33
9/30/1998,2.22
9/29/1998,2.06
9/28/1998,2.23
9/25/1998,2.38
9/24/1998,2.17
9/23/1998,2.19
9/22/1998,2.29
9/21/1998,2.18
9/18/1998,2.27
9/17/1998,2.12
9/16/1998,2.15
9/15/1998,1.94
9/14/1998,1.86
9/11/1998,1.86
9/10/1998,1.88
9/9/1998,1.78
9/8/1998,1.81
9/4/1998,1.71
9/3/1998,1.71
9/2/1998,1.72
9/1/1998,1.84
8/31/1998,1.61
8/28/1998,1.66
8/27/1998,1.76
8/26/1998,1.83
8/25/1998,1.89
8/24/1998,1.9
8/21/1998,1.93
8/20/1998,1.9
8/19/1998,1.96
8/18/1998,1.94
8/17/1998,1.93
8/14/1998,1.83
8/13/1998,1.83
8/12/1998,1.85
8/11/1998,1.87
8/10/1998,1.87
8/7/1998,1.82
8/6/1998,1.85
8/5/1998,1.91
8/4/1998,1.9
8/3/1998,1.84
7/31/1998,1.85
7/30/1998,1.95
7/29/1998,1.99
7/28/1998,1.97
7/27/1998,2
7/24/1998,1.97
7/23/1998,2
7/22/1998,2
7/21/1998,2.09
7/20/1998,2.18
7/17/1998,2.15
7/16/1998,2.15
7/15/1998,2.21
7/14/1998,2.23
7/13/1998,2.3
7/10/1998,2.32
7/9/1998,2.38
7/8/1998,2.39
7/7/1998,2.35
7/6/1998,2.38
7/2/1998,2.36
7/1/1998,2.46
6/30/1998,2.39
6/29/1998,2.36
6/26/1998,2.4
6/25/1998,2.39
6/24/1998,2.4
6/23/1998,2.35
6/22/1998,2.35
6/19/1998,2.2
6/18/1998,2.14
6/17/1998,2.05
6/16/1998,2.1
6/15/1998,2.08
6/12/1998,2.01
6/11/1998,1.99
6/10/1998,1.98
6/9/1998,2.01
6/8/1998,2
6/5/1998,2.01
6/4/1998,2.04
6/3/1998,2.13
6/2/1998,2.2
6/1/1998,2.1
5/29/1998,2.1
5/28/1998,2.04
5/27/1998,2.1
5/26/1998,2.1
5/22/1998,2.02
5/21/1998,2.11
5/20/1998,2.18
5/19/1998,2.17
5/18/1998,2.19
5/15/1998,2.18
5/14/1998,2.18
5/13/1998,2.24
5/12/1998,2.23
5/11/1998,2.19
5/8/1998,2.11
5/7/1998,2.16
5/6/1998,2.12
5/5/1998,2.19
5/4/1998,2.1
5/1/1998,2.11
4/30/1998,2.18
4/29/1998,2.29
4/28/1998,2.27
4/27/1998,2.29
4/24/1998,2.31
4/23/1998,2.35
4/22/1998,2.46
4/21/1998,2.46
4/20/1998,2.4
4/17/1998,2.4
4/16/1998,2.48
4/15/1998,2.48
4/14/1998,2.42
4/13/1998,2.52
4/9/1998,2.61
4/8/1998,2.65
4/7/1998,2.51
4/6/1998,2.51
4/3/1998,2.51
4/2/1998,2.43
4/1/1998,2.45
3/31/1998,2.34
3/30/1998,2.32
3/27/1998,2.26
3/26/1998,2.29
3/25/1998,2.33
3/24/1998,2.29
3/23/1998,2.33
3/20/1998,2.28
3/19/1998,2.25
3/18/1998,2.21
3/17/1998,2.2
3/16/1998,2.2
3/13/1998,2.21
3/12/1998,2.23
3/11/1998,2.25
3/10/1998,2.25
3/9/1998,2.17
3/6/1998,2.1
3/5/1998,2.12
3/4/1998,2.19
3/3/1998,2.24
3/2/1998,2.26
2/27/1998,2.23
2/26/1998,2.28
2/25/1998,2.21
2/24/1998,2.19
2/23/1998,2.2
2/20/1998,2.2
2/19/1998,2.22
2/18/1998,2.19
2/17/1998,2.18
2/13/1998,2.22
2/12/1998,2.2
2/11/1998,2.21
2/10/1998,2.18
2/9/1998,2.25
2/6/1998,2.35
2/5/1998,2.31
2/4/1998,2.23
2/3/1998,2.27
2/2/1998,2.23
1/30/1998,2.09
1/29/1998,2.07
1/28/1998,2.09
1/27/1998,2.06
1/26/1998,2.09
1/23/1998,2.14
1/22/1998,2.1
1/21/1998,2.09
1/20/1998,2.12
1/16/1998,2.11
1/15/1998,2.07
1/14/1998,2.05
1/13/1998,2.03
1/12/1998,2.01
1/9/1998,2.09
1/8/1998,2.11
1/7/1998,2.13
1/6/1998,2.16
1/5/1998,2.05
1/2/1998,2.16
12/31/1997,2.27
12/30/1997,2.27
12/29/1997,2.33
12/26/1997,2.18
12/24/1997,2.06
12/23/1997,2.24
12/22/1997,2.36
12/19/1997,2.39
12/18/1997,2.37
12/17/1997,2.38
12/16/1997,2.29
12/15/1997,2.25
12/12/1997,2.3
12/11/1997,2.3
12/10/1997,2.45
12/9/1997,2.35
12/8/1997,2.3
12/5/1997,2.42
12/4/1997,2.48
12/3/1997,2.53
12/2/1997,2.61
12/1/1997,2.52
11/26/1997,2.5
11/25/1997,2.51
11/24/1997,2.63
11/21/1997,2.59
11/20/1997,2.77
11/19/1997,2.97
11/18/1997,3
11/17/1997,3.1
11/14/1997,3.25
11/13/1997,3.27
11/12/1997,3.28
11/11/1997,3.26
11/10/1997,3.2
11/7/1997,3.05
11/6/1997,3.2
11/5/1997,3.18
11/4/1997,3.15
11/3/1997,3.23
10/31/1997,3.22
10/30/1997,3.34
10/29/1997,3.45
10/28/1997,3.61
10/27/1997,3.46
10/24/1997,3.29
10/23/1997,3.34
10/22/1997,3.24
10/21/1997,3.13
10/20/1997,3.05
10/17/1997,2.97
10/16/1997,2.94
10/15/1997,2.84
10/14/1997,2.84
10/13/1997,2.87
10/10/1997,2.78
10/9/1997,2.8
10/8/1997,2.8
10/7/1997,2.81
10/6/1997,2.96
10/3/1997,2.91
10/2/1997,2.97
10/1/1997,3.08
9/30/1997,2.96
9/29/1997,3.09
9/26/1997,3.24
9/25/1997,3.05
9/24/1997,3.03
9/23/1997,3.09
9/22/1997,2.98
9/19/1997,2.94
9/18/1997,2.84
9/17/1997,2.75
9/16/1997,2.83
9/15/1997,2.88
9/12/1997,2.86
9/11/1997,2.78
9/10/1997,2.74
9/9/1997,2.74
9/8/1997,2.67
9/5/1997,2.67
9/4/1997,2.73
9/3/1997,2.86
9/2/1997,2.82
8/29/1997,2.69
8/28/1997,2.57
8/27/1997,2.51
8/26/1997,2.58
8/25/1997,2.53
8/22/1997,2.47
8/21/1997,2.45
8/20/1997,2.62
8/19/1997,2.61
8/18/1997,2.56
8/15/1997,2.53
8/14/1997,2.57
8/13/1997,2.45
8/12/1997,2.56
8/11/1997,2.53
8/8/1997,2.38
8/7/1997,2.5
8/6/1997,2.38
8/5/1997,2.33
8/4/1997,2.26
8/1/1997,2.24
7/31/1997,2.23
7/30/1997,2.19
7/29/1997,2.23
7/28/1997,2.19
7/25/1997,2.22
7/24/1997,2.24
7/23/1997,2.2
7/22/1997,2.18
7/21/1997,2.17
7/18/1997,2.26
7/17/1997,2.29
7/16/1997,2.24
7/15/1997,2.21
7/14/1997,2.18
7/11/1997,2.16
7/10/1997,2.15
7/9/1997,2.16
7/8/1997,2.13
7/7/1997,2.13
7/3/1997,2.11
7/2/1997,2.14
7/1/1997,2.16
6/30/1997,2.17
6/27/1997,2.17
6/26/1997,2.23
6/25/1997,2.32
6/24/1997,2.32
6/23/1997,2.29
6/20/1997,2.25
6/19/1997,2.23
6/18/1997,2.22
6/17/1997,2.2
6/16/1997,2.2
6/13/1997,2.15
6/12/1997,2.14
6/11/1997,2.16
6/10/1997,2.16
6/9/1997,2.19
6/6/1997,2.19
6/5/1997,2.18
6/4/1997,2.19
6/3/1997,2.11
6/2/1997,2.2
5/30/1997,2.23
5/29/1997,2.29
5/28/1997,2.34
5/27/1997,2.29
5/23/1997,2.2
5/22/1997,2.22
5/21/1997,2.21
5/20/1997,2.22
5/19/1997,2.25
5/16/1997,2.19
5/15/1997,2.25
5/14/1997,2.22
5/13/1997,2.18
5/12/1997,2.27
5/9/1997,2.3
5/8/1997,2.33
5/7/1997,2.34
5/6/1997,2.25
5/5/1997,2.23
5/2/1997,2.21
5/1/1997,2.19
4/30/1997,2.16
4/29/1997,2.09
4/28/1997,2.1
4/25/1997,2.16
4/24/1997,2.11
4/23/1997,2.22
4/22/1997,2.1
4/21/1997,2.09
4/18/1997,2.1
4/17/1997,2.08
4/16/1997,2.02
4/15/1997,2
4/14/1997,2
4/11/1997,1.98
4/10/1997,1.97
4/9/1997,1.96
4/8/1997,2.01
4/7/1997,1.99
4/4/1997,1.91
4/3/1997,1.87
4/2/1997,1.85
4/1/1997,1.95
3/31/1997,1.84
3/27/1997,1.84
3/26/1997,1.85
3/25/1997,1.85
3/24/1997,1.8
3/21/1997,1.87
3/20/1997,1.88
3/19/1997,1.88
3/18/1997,1.91
3/17/1997,2.01
3/14/1997,1.97
3/13/1997,1.98
3/12/1997,1.96
3/11/1997,1.92
3/10/1997,1.95
3/7/1997,1.89
3/6/1997,1.82
3/5/1997,1.92
3/4/1997,1.87
3/3/1997,1.8
2/28/1997,1.78
2/27/1997,1.8
2/26/1997,1.81
2/25/1997,1.77
2/24/1997,1.92
2/21/1997,1.92
2/20/1997,1.92
2/19/1997,1.95
2/18/1997,1.84
2/14/1997,2.12
2/13/1997,2.22
2/12/1997,2.42
2/11/1997,2.34
2/10/1997,2.42
2/7/1997,2.39
2/6/1997,2.51
2/5/1997,2.65
2/4/1997,2.59
2/3/1997,2.49
1/31/1997,2.77
1/30/1997,2.86
1/29/1997,2.91
1/28/1997,3.05
1/27/1997,2.98
1/24/1997,2.62
1/23/1997,2.96
1/22/1997,3.05
1/21/1997,2.99
1/20/1997,3.26
1/17/1997,3.91
1/16/1997,4.71
1/15/1997,4.34
1/14/1997,4.01
1/13/1997,4
1/10/1997,3.92
1/9/1997,3.61
1/8/1997,3.8
1/7/1997,3.82
